,#,Name,Team,G,AB,PA,H,1B,2B,3B,HR,R,RBI,BB,IBB,SO,HBP,SF,SH,GDP,SB,CS,AVG,Year
2,1,Charlie Culberson,ATL,1,1,1,1,1,0,0,0,0,0,0,0,0,0,0,0,0,0,0,1.000,2023
3,2,Michael Perez,NYM,3,8,8,4,3,1,0,0,1,0,0,0,1,0,0,0,0,0,0,.500,2023
4,3,Cole Tucker,COL,5,8,10,4,4,0,0,0,2,2,1,0,2,1,0,0,0,0,0,.500,2023
5,4,Zack Collins,CLE,2,4,6,2,2,0,0,0,0,0,2,0,2,0,0,0,0,0,0,.500,2023
6,5,Alejo Lopez,CIN,1,2,2,1,0,1,0,0,1,1,0,0,1,0,0,0,0,0,0,.500,2023
7,6,Forrest Wall,ATL,15,13,15,6,3,2,0,1,6,2,2,0,4,0,0,0,0,5,1,.462,2023
8,7,Abraham Toro,MIL,9,18,21,8,6,0,0,2,4,9,2,0,5,1,0,0,0,0,0,.444,2023
9,8,Tristan Gray,TBR,2,5,5,2,1,0,0,1,1,1,0,0,0,0,0,0,0,0,0,.400,2023
10,9,Jeter Downs,WSN,6,5,9,2,2,0,0,0,4,1,4,0,1,0,0,0,0,2,0,.400,2023
11,10,Ernie Clement,TOR,30,50,52,19,16,1,1,1,7,10,1,0,4,0,1,0,0,1,0,.380,2023
12,11,Luis Arraez,MIA,147,574,617,203,160,30,3,10,71,69,35,10,34,4,3,1,18,3,2,.354,2023
13,12,Ronald Acuna Jr.,ATL,159,643,735,217,137,35,4,41,149,106,80,3,84,9,3,0,15,73,14,.337,2023
14,13,Drew Maggi,PIT,3,6,6,2,1,1,0,0,1,1,0,0,1,0,0,0,0,0,0,.333,2023
15,14,Freddie Freeman,LAD,161,637,730,211,121,59,2,29,131,102,72,12,121,16,5,0,14,23,1,.331,2023
16,15,Yandy Diaz,TBR,137,525,600,173,116,35,0,22,95,78,65,0,94,8,2,0,16,0,1,.330,2023
17,16,Corey Seager,TEX,119,477,536,156,81,42,0,33,88,96,49,9,88,4,6,0,9,2,1,.327,2023
18,17,Nick Loftin,KCR,19,62,68,20,14,5,1,0,10,10,4,0,12,1,1,0,0,2,0,.323,2023
19,18,Luis Campusano,SDP,49,163,174,52,38,7,0,7,27,30,7,0,21,3,1,0,8,0,0,.319,2023
20,19,Sean Bouchard,COL,21,38,43,12,6,2,0,4,11,7,4,0,14,0,1,0,0,0,1,.316,2023
21,20,Wilyer Abreu,BOS,28,76,85,24,16,6,0,2,10,14,9,0,23,0,0,0,0,3,1,.316,2023
22,21,Noelvi Marte,CIN,35,114,123,36,26,7,0,3,15,15,8,0,25,1,0,0,1,6,2,.316,2023
23,22,Harold Ramirez,TBR,122,400,434,125,92,19,2,12,58,68,22,0,79,6,6,0,7,5,3,.313,2023
24,23,Weston Wilson,PHI,8,16,22,5,4,0,0,1,5,2,6,0,5,0,0,0,0,3,1,.313,2023
25,24,Jose Altuve,HOU,90,360,410,112,72,21,2,17,76,51,44,0,71,5,1,0,9,14,2,.311,2023
26,25,Royce Lewis,MIN,58,217,239,67,45,7,0,15,36,52,20,0,55,2,0,0,5,6,1,.309,2023
27,26,Josh Naylor,CLE,121,452,495,139,91,31,0,17,52,97,33,9,68,3,7,0,11,10,3,.308,2023
28,27,Cody Bellinger,CHC,130,499,556,153,97,29,1,26,95,97,40,3,87,5,12,0,7,20,6,.307,2023
29,28,Mookie Betts,LAD,152,584,693,179,99,40,1,39,126,107,96,3,107,8,5,0,5,14,3,.307,2023
30,29,Bo Bichette,TOR,135,571,601,175,122,30,3,20,69,73,27,0,115,2,1,0,14,5,3,.306,2023
31,30,Evan Carter,TEX,23,62,75,19,9,4,1,5,15,12,12,1,24,0,1,0,1,3,0,.306,2023
32,31,Shohei Ohtani,LAA,135,497,599,151,73,26,8,44,102,95,91,21,143,3,3,0,9,20,6,.304,2023
33,32,Johan Rojas,PHI,59,149,164,45,32,9,2,2,24,23,5,0,42,4,0,6,1,14,1,.302,2023
34,33,Dominic Fletcher,ARI,28,93,102,28,20,5,1,2,10,14,7,1,22,0,0,2,0,0,2,.301,2023
35,34,Gio Urshela,LAA,62,214,228,64,53,8,1,2,22,24,10,0,36,1,3,0,9,3,2,.299,2023
36,35,Victor Robles,WSN,36,107,126,32,26,5,1,0,15,8,11,0,18,4,0,4,3,8,1,.299,2023
37,36,Jared Triolo,PIT,54,181,209,54,42,9,0,3,30,21,24,0,63,3,1,0,0,6,1,.298,2023
38,37,Ivan Herrera,STL,13,37,44,11,9,2,0,0,6,4,5,0,11,2,0,0,1,0,0,.297,2023
39,38,Nolan Jones,COL,106,367,424,109,63,22,4,20,60,62,53,3,126,3,1,0,1,20,4,.297,2023
40,39,Jarren Duran,BOS,102,332,362,98,54,34,2,8,46,40,24,1,90,3,2,0,3,24,2,.295,2023
41,40,Xavier Edwards,MIA,30,78,84,23,20,3,0,0,12,3,3,0,14,1,0,2,1,5,0,.295,2023
42,41,Alexander Canario,CHC,6,17,17,5,2,1,1,1,1,6,0,0,8,0,0,0,0,0,0,.294,2023
43,42,Jon Berti,MIA,133,388,424,114,88,16,3,7,53,33,29,2,77,2,3,2,10,16,6,.294,2023
44,43,Bryce Harper,PHI,126,457,546,134,83,29,1,21,84,72,80,8,119,5,4,0,10,11,3,.293,2023
45,44,Michael Harris II,ATL,138,505,539,148,94,33,3,18,76,57,25,1,101,5,3,1,8,20,4,.293,2023
46,45,Yordan Alvarez,HOU,114,410,496,120,64,24,1,31,77,97,69,5,92,13,4,0,7,0,0,.293,2023
47,46,Josh Lowe,TBR,135,466,501,136,81,33,2,20,71,83,31,2,124,1,3,0,6,32,3,.292,2023
48,47,Matt McLain,CIN,89,365,403,106,63,23,4,16,65,50,31,0,115,7,0,0,5,14,5,.290,2023
49,48,Oscar Mercado,STL,20,31,32,9,6,3,0,0,3,5,1,0,4,0,0,0,0,2,1,.290,2023
50,49,Michael Stefanic,LAA,25,62,71,18,15,2,1,0,5,6,8,0,8,1,0,0,0,0,1,.290,2023
51,50,Tom Murphy,SEA,47,145,159,42,22,12,0,8,19,17,10,0,44,1,2,0,4,0,0,.290,2023
52,51,Ryan O'Hearn,BAL,112,346,368,100,63,22,1,14,48,60,15,2,82,3,3,1,2,5,1,.289,2023
53,52,William Contreras,MIL,141,540,611,156,100,38,1,17,86,78,63,2,126,5,2,1,23,6,1,.289,2023
54,53,Masataka Yoshida,BOS,140,537,580,155,104,33,3,15,71,72,34,0,81,7,2,0,20,8,0,.289,2023
55,54,Riley Greene,DET,99,378,416,109,75,19,4,11,51,37,35,0,114,1,2,0,7,7,0,.288,2023
56,55,Pablo Reyes,BOS,64,167,185,48,37,9,0,2,27,20,14,0,21,0,2,2,3,7,2,.287,2023
57,56,Drew Millas,WSN,11,28,33,8,5,2,0,1,1,6,4,0,5,0,0,1,2,0,0,.286,2023
58,57,Andre Lipcius,DET,13,35,38,10,8,1,0,1,3,4,3,0,8,0,0,0,1,0,0,.286,2023
59,58,Seiya Suzuki,CHC,138,515,583,147,90,31,6,20,75,74,59,3,130,2,7,0,8,6,7,.285,2023
60,59,Xander Bogaerts,SDP,155,596,665,170,118,31,2,19,83,58,56,0,110,7,6,0,21,19,2,.285,2023
61,60,Corbin Carroll,ARI,155,565,645,161,96,30,10,25,116,76,57,1,125,13,4,6,7,54,5,.285,2023
62,61,Gabriel Moreno,ARI,111,341,380,97,70,19,1,7,33,50,29,0,75,3,7,0,17,6,2,.284,2023
63,62,Brendan Donovan,STL,95,327,371,93,71,10,1,11,48,34,33,2,53,9,1,1,4,5,1,.284,2023
64,63,Kyle Tucker,HOU,157,574,674,163,92,37,5,29,97,112,80,9,92,3,10,0,11,30,5,.284,2023
65,64,Wilmer Flores,SFG,126,405,454,115,70,22,0,23,51,60,41,1,63,5,3,0,13,0,0,.284,2023
66,65,Matt Olson,ATL,162,608,720,172,88,27,3,54,127,139,104,8,167,4,4,0,13,1,0,.283,2023
67,66,Nico Hoerner,CHC,150,619,688,175,135,27,4,9,98,68,49,0,83,14,5,1,12,43,7,.283,2023
68,67,Donovan Solano,MIN,134,394,450,111,79,26,1,5,43,38,40,1,100,15,1,0,8,0,0,.282,2023
69,68,Yainer Diaz,HOU,104,355,377,100,55,22,0,23,51,60,11,0,74,5,6,0,12,0,0,.282,2023
70,69,Jose Ramirez,CLE,156,611,691,172,107,36,5,24,87,80,73,22,73,1,6,0,8,28,6,.282,2023
71,70,Austin Riley,ATL,159,636,715,179,107,32,3,37,117,97,59,4,172,9,11,0,18,3,1,.281,2023
72,71,Freddy Fermin,KCR,70,217,235,61,41,10,1,9,26,32,13,0,50,1,3,1,11,0,0,.281,2023
73,72,Wander Franco,TBR,112,442,491,124,78,23,6,17,65,58,42,3,69,3,4,0,18,30,10,.281,2023
74,73,Bryson Stott,PHI,151,585,640,164,115,32,2,15,78,62,39,1,100,7,8,1,10,31,3,.280,2023
75,74,Ozzie Albies,ATL,148,596,660,167,99,30,5,33,96,109,46,2,107,8,8,0,9,13,1,.280,2023
76,75,Vaughn Grissom,ATL,23,75,80,21,17,3,1,0,5,9,2,0,15,2,1,0,2,0,1,.280,2023
77,76,Mickey Moniak,LAA,85,311,323,87,50,21,2,14,35,45,9,1,113,3,0,0,4,6,3,.280,2023
78,77,T.J. Friedl,CIN,138,488,556,136,88,22,8,18,73,66,47,1,90,10,3,8,0,27,6,.279,2023
79,78,Charlie Blackmon,COL,96,359,413,100,63,24,5,8,57,40,39,0,55,11,4,0,6,4,1,.279,2023
80,79,Mauricio Dubon,HOU,132,467,492,130,91,26,3,10,76,46,19,0,70,3,3,0,10,7,2,.278,2023
81,80,Christian Yelich,MIL,144,550,632,153,99,34,1,19,106,76,78,7,140,3,1,0,15,28,3,.278,2023
82,81,Michael Brantley,HOU,15,54,57,15,11,2,0,2,7,7,2,0,2,0,1,0,2,0,0,.278,2023
83,82,Kerry Carpenter,DET,118,418,459,116,77,17,2,20,57,64,32,3,115,8,1,0,5,6,0,.278,2023
84,83,Brandon Marsh,PHI,133,404,472,112,69,25,6,12,58,60,59,2,144,4,4,1,4,10,2,.277,2023
85,84,Adley Rutschman,BAL,154,588,687,163,111,31,1,20,84,80,92,6,101,2,5,0,14,1,2,.277,2023
86,85,Ryan Jeffers,MIN,96,286,335,79,48,15,2,14,46,43,33,1,93,10,2,4,6,3,2,.276,2023
87,86,Jordan Walker,STL,117,420,465,116,79,19,2,16,51,51,37,0,104,6,2,0,9,7,4,.276,2023
88,87,Bobby Witt Jr.,KCR,158,641,694,177,108,28,11,30,97,96,40,1,121,4,8,1,11,49,15,.276,2023
89,88,Marcus Semien,TEX,162,670,753,185,112,40,4,29,122,100,72,1,110,5,5,0,5,14,3,.276,2023
90,89,Garrett Hampson,MIA,98,221,252,61,45,12,1,3,30,23,23,0,67,3,2,3,3,5,0,.276,2023
91,90,Justin Turner,BOS,146,558,626,154,100,31,0,23,86,96,51,0,110,11,6,0,10,4,1,.276,2023
92,91,Ketel Marte,ARI,150,569,650,157,97,26,9,25,94,82,71,2,109,5,5,0,16,8,2,.276,2023
93,92,Davis Schneider,TOR,35,116,141,32,11,12,1,8,23,20,21,0,43,4,0,0,2,1,0,.276,2023
94,93,Ezequiel Duran,TEX,122,406,439,112,74,22,2,14,55,46,23,1,120,7,2,1,7,8,4,.276,2023
95,94,Will Benson,CIN,108,287,329,79,45,15,8,11,51,31,40,0,103,1,1,0,3,19,3,.275,2023
96,95,Julio Rodriguez,SEA,155,654,714,180,109,37,2,32,102,103,47,6,175,11,2,0,14,37,10,.275,2023
97,96,Nolan Schanuel,LAA,29,109,132,30,26,3,0,1,19,6,20,1,19,3,0,0,1,0,0,.275,2023
98,97,Austin Hays,BAL,144,520,566,143,89,36,2,16,76,67,38,1,141,3,5,0,11,5,1,.275,2023
99,98,Joey Meneses,WSN,154,611,657,168,118,36,1,13,71,89,38,0,130,5,3,0,15,0,0,.275,2023
100,99,Juan Soto,SDP,162,568,708,156,88,32,1,35,97,109,132,11,129,2,5,1,18,12,5,.275,2023
101,100,Alec Bohm,PHI,145,558,611,153,102,31,0,20,74,97,42,1,94,5,6,0,23,4,1,.274,2023
102,101,Brandon Nimmo,NYM,152,592,682,162,102,30,6,24,89,68,74,0,146,11,4,1,6,3,3,.274,2023
103,102,Marcell Ozuna,ATL,144,530,592,145,75,29,1,40,84,100,57,1,134,3,2,0,9,0,0,.274,2023
104,103,Gleyber Torres,NYY,158,596,672,163,108,28,2,25,90,68,67,0,98,3,6,0,19,13,6,.273,2023
105,104,Chas McCormick,HOU,115,403,457,110,69,17,2,22,59,70,40,0,117,11,2,1,3,19,6,.273,2023
106,105,Riley Adams,WSN,44,143,158,39,20,13,2,4,8,21,11,0,45,2,1,1,5,0,0,.273,2023
107,106,Whit Merrifield,TOR,145,547,592,149,111,27,0,11,66,67,36,2,101,3,6,0,15,26,10,.272,2023
108,107,Eloy Jimenez,CHW,120,456,489,124,83,23,0,18,50,64,30,2,93,1,2,0,13,0,0,.272,2023
109,108,Nick Castellanos,PHI,157,626,671,170,102,37,2,29,79,106,36,0,185,3,6,0,17,11,2,.272,2023
110,109,Maikel Garcia,KCR,123,464,515,126,98,20,4,4,59,50,38,0,115,2,10,1,9,23,7,.272,2023
111,110,Spencer Steer,CIN,156,582,665,158,95,37,3,23,74,86,68,0,139,11,4,0,9,15,3,.271,2023
112,111,Ke'Bryan Hayes,PIT,124,494,525,134,81,31,7,15,65,61,28,1,104,0,3,0,11,10,6,.271,2023
113,112,J.D. Martinez,LAD,113,432,479,117,55,27,2,33,61,103,34,1,149,2,9,0,11,1,0,.271,2023
114,113,Thairo Estrada,SFG,120,495,530,134,92,26,2,14,63,49,22,1,120,11,2,0,10,23,7,.271,2023
115,114,Rafael Devers,BOS,153,580,656,157,90,34,0,33,90,100,62,10,126,11,3,0,15,5,1,.271,2023
116,115,Alex Kirilloff,MIN,88,281,319,76,50,14,1,11,35,41,28,1,80,7,3,0,2,1,0,.270,2023
117,116,Mitch Garver,TEX,87,296,344,80,50,11,0,19,45,50,44,1,82,3,0,0,6,0,0,.270,2023
118,117,Yonathan Daza,COL,24,74,80,20,14,6,0,0,8,7,3,0,13,1,1,1,5,1,0,.270,2023
119,118,Austin Slater,SFG,89,185,207,50,36,9,0,5,24,20,20,0,58,2,0,0,2,2,2,.270,2023
120,119,Christian Encarnacion-Strand,CIN,63,222,241,60,40,7,0,13,29,37,14,0,69,5,0,0,5,2,0,.270,2023
121,120,Jeff McNeil,NYM,156,585,648,158,119,25,4,10,75,55,39,0,65,18,3,3,5,10,0,.270,2023
122,121,Ryan Mountcastle,BAL,115,423,470,114,74,21,1,18,64,68,37,1,107,3,7,0,13,3,1,.270,2023
123,122,Jason Heyward,LAD,124,334,377,90,52,23,0,15,56,40,34,1,64,3,3,0,7,2,2,.269,2023
124,123,Stone Garrett,WSN,89,234,271,63,37,17,0,9,40,40,26,0,82,3,5,0,6,3,1,.269,2023
125,124,Dane Myers,MIA,22,67,70,18,14,3,0,1,9,9,2,0,19,0,1,0,1,1,1,.269,2023
126,125,Paul Goldschmidt,STL,154,593,687,159,103,31,0,25,89,80,87,6,161,3,3,0,12,11,2,.268,2023
127,126,Steven Kwan,CLE,158,638,718,171,123,36,7,5,93,54,70,2,75,3,6,1,9,21,3,.268,2023
128,127,Lane Thomas,WSN,157,628,682,168,101,36,3,28,101,86,36,0,176,11,7,0,5,20,5,.268,2023
129,128,Elias Diaz,COL,141,486,526,130,90,25,1,14,48,72,34,0,118,2,4,0,12,1,0,.267,2023
130,129,Reese McGuire,BOS,72,187,206,50,36,12,1,1,15,16,11,0,53,1,1,2,2,2,1,.267,2023
131,130,Randal Grichuk,- - -,118,434,471,116,67,31,2,16,65,44,29,2,96,6,2,0,11,2,2,.267,2023
132,131,Aaron Judge,NYY,106,367,458,98,45,16,0,37,79,75,88,9,130,0,3,0,5,3,1,.267,2023
133,132,Yan Gomes,CHC,116,382,419,102,70,20,2,10,44,63,21,1,81,9,7,0,9,1,0,.267,2023
134,133,Zack Gelof,OAK,69,270,300,72,37,20,1,14,40,32,26,1,82,3,1,0,5,14,2,.267,2023
135,134,Luis Garcia,WSN,122,447,482,119,88,18,4,9,61,50,27,1,60,0,7,1,10,9,4,.266,2023
136,135,Will Brennan,CLE,138,432,455,115,86,24,0,5,41,41,16,2,57,5,2,0,4,13,5,.266,2023
137,136,Enmanuel Valdez,BOS,49,139,149,37,23,8,0,6,17,19,8,0,37,1,0,0,4,5,1,.266,2023
138,137,Leody Taveras,TEX,143,511,554,136,88,31,3,14,67,67,35,0,117,1,4,3,3,14,4,.266,2023
139,138,Nolan Arenado,STL,144,560,612,149,95,26,2,26,71,93,41,5,101,3,8,0,21,3,3,.266,2023
140,139,Trea Turner,PHI,155,639,691,170,104,35,5,26,102,76,45,2,150,6,1,0,12,30,0,.266,2023
141,140,J.P. Crawford,SEA,145,534,638,142,88,35,0,19,94,65,94,1,125,5,2,3,7,2,0,.266,2023
142,141,Josh Jung,TEX,122,478,515,127,78,25,1,23,75,70,30,0,151,5,2,0,7,1,3,.266,2023
143,142,Kevin Kiermaier,TOR,129,370,408,98,63,21,6,8,58,36,29,0,86,4,4,1,9,14,1,.265,2023
144,143,Orlando Arcia,ATL,139,488,533,129,87,25,0,17,66,65,39,0,102,3,3,0,14,1,0,.264,2023
145,144,Vladimir Guerrero Jr.,TOR,156,602,682,159,103,30,0,26,78,94,67,5,100,9,4,0,23,5,3,.264,2023
146,145,Andy Ibanez,DET,114,356,383,94,58,23,2,11,42,41,24,0,69,1,1,1,7,1,0,.264,2023
147,146,Willson Contreras,STL,125,428,495,113,66,27,0,20,55,67,51,0,111,13,2,1,12,6,3,.264,2023
148,147,Luis Rengifo,LAA,126,394,445,104,69,15,4,16,55,51,41,0,82,6,4,0,3,6,4,.264,2023
149,148,Nick Martini,CIN,29,72,79,19,9,3,1,6,10,16,5,0,15,2,0,0,1,0,0,.264,2023
150,149,Ramon Urias,BAL,116,360,396,95,66,22,3,4,45,42,27,0,101,8,1,0,10,3,1,.264,2023
151,150,Alex Verdugo,BOS,142,546,602,144,89,37,5,13,81,54,45,1,93,6,5,0,11,5,3,.264,2023
152,151,Luis Robert,CHW,145,546,595,144,69,36,1,38,90,80,30,5,172,12,2,0,10,20,4,.264,2023
153,152,Manuel Margot,TBR,99,311,336,82,56,21,1,4,39,38,18,0,55,4,3,0,6,9,3,.264,2023
154,153,Jeremy Pena,HOU,150,577,634,152,107,32,3,10,81,52,43,1,129,9,1,1,11,13,9,.263,2023
155,154,Triston Casas,BOS,132,429,502,113,66,21,2,24,66,65,70,2,126,1,2,0,7,0,0,.263,2023
156,155,Edouard Julien,MIN,109,338,408,89,56,16,1,16,60,37,64,0,128,2,3,1,8,3,0,.263,2023
157,156,Travis Jankowski,TEX,107,247,287,65,51,12,1,1,34,30,35,0,42,2,2,1,6,19,1,.263,2023
158,157,Bryan Reynolds,PIT,145,574,640,151,91,31,5,24,85,84,53,2,138,7,6,0,13,12,1,.263,2023
159,158,Mike Trout,LAA,82,308,362,81,48,14,1,18,54,44,45,2,104,7,2,0,4,2,0,.263,2023
160,159,Nick Madrigal,CHC,92,270,294,71,52,16,1,2,34,28,10,0,24,9,0,5,3,10,2,.263,2023
161,160,Amed Rosario,- - -,142,510,545,134,95,25,8,6,70,58,29,0,99,3,3,0,15,15,2,.263,2023
162,161,Edward Olivares,KCR,107,354,385,93,54,23,4,12,47,36,22,1,64,7,2,0,7,11,5,.263,2023
163,162,Mark Canha,- - -,139,435,507,114,77,25,1,11,51,62,49,1,79,17,6,0,11,11,1,.262,2023
164,163,Alex Bregman,HOU,161,622,724,163,106,28,4,25,103,98,92,1,87,8,2,0,22,3,1,.262,2023
165,164,Jonny Deluca,LAD,24,42,45,11,8,1,0,2,5,6,3,0,8,0,0,0,0,1,0,.262,2023
166,165,Brandon Drury,LAA,125,485,523,127,68,30,3,26,61,83,25,0,136,8,5,0,14,0,2,.262,2023
167,166,Nathaniel Lowe,TEX,161,623,724,163,105,38,3,17,89,82,93,2,165,5,3,0,22,1,0,.262,2023
168,167,Andrew Benintendi,CHW,151,562,621,147,106,34,2,5,72,45,52,5,89,3,3,1,12,13,2,.262,2023
169,168,Lourdes Gurriel Jr.,ARI,145,551,592,144,83,35,2,24,65,82,33,1,103,6,2,0,20,5,0,.261,2023
170,169,Owen Miller,MIL,90,291,314,76,54,17,0,5,29,27,17,1,61,2,4,0,6,13,2,.261,2023
171,170,Matt Vierling,DET,134,479,530,125,89,21,5,10,63,44,44,1,112,5,1,1,8,6,6,.261,2023
172,171,Will Smith,LAD,126,464,554,121,79,21,2,19,80,76,63,2,89,15,12,0,8,3,0,.261,2023
173,172,Emmanuel Rivera,ARI,86,257,283,67,50,13,0,4,32,29,22,0,56,0,4,0,9,1,0,.261,2023
174,173,Lars Nootbaar,STL,117,426,503,111,73,23,1,14,74,46,72,2,99,1,3,1,7,11,1,.261,2023
175,174,Yoan Moncada,CHW,92,334,357,87,55,20,1,11,39,40,20,0,107,2,1,0,6,1,0,.260,2023
176,175,Max Kepler,MIN,130,438,491,114,66,22,2,24,72,66,45,0,106,4,4,0,9,1,1,.260,2023
177,176,Conner Capel,OAK,32,73,86,19,14,5,0,0,6,3,12,0,25,1,0,0,1,5,3,.260,2023
178,177,Ha-seong Kim,SDP,152,538,626,140,100,23,0,17,84,60,75,1,124,3,5,5,7,38,9,.260,2023
179,178,Keibert Ruiz,WSN,136,523,562,136,94,24,0,18,55,67,31,1,58,6,2,0,13,1,1,.260,2023
180,179,Jordan Westburg,BAL,68,208,228,54,32,17,2,3,26,23,16,0,56,1,3,0,3,4,1,.260,2023
181,180,David Peralta,LAD,133,394,422,102,69,25,1,7,47,55,20,1,72,2,6,0,8,4,1,.259,2023
182,181,Andruw Monasterio,MIL,92,282,315,73,55,14,1,3,38,27,28,0,66,3,2,0,9,7,2,.259,2023
183,182,Victor Caratini,MIL,62,201,226,52,41,4,0,7,23,25,19,0,45,3,3,0,8,1,1,.259,2023
184,183,Brendan Rodgers,COL,46,178,192,46,32,9,1,4,21,20,11,0,41,3,0,0,6,0,0,.258,2023
185,184,Matthew Batten,SDP,43,120,139,31,23,6,0,2,19,11,17,0,30,1,0,1,0,2,2,.258,2023
186,185,Jonah Heim,TEX,131,457,501,118,72,28,0,18,61,95,40,2,96,1,3,0,10,2,0,.258,2023
187,186,Dairon Blanco,KCR,69,124,138,32,18,7,4,3,19,18,10,0,33,2,0,2,2,24,5,.258,2023
188,187,Richie Palacios,STL,32,93,102,24,12,6,0,6,9,16,6,0,11,1,1,1,1,2,0,.258,2023
189,188,Jasson Dominguez,NYY,8,31,33,8,3,1,0,4,6,7,2,0,8,0,0,0,1,1,0,.258,2023
190,189,Andrew Vaughn,CHW,152,566,615,146,93,30,2,21,67,80,36,0,129,11,2,0,15,0,0,.258,2023
191,190,Manny Machado,SDP,138,543,601,140,89,21,0,30,75,91,50,1,109,2,6,0,20,3,2,.258,2023
192,191,George Springer,TOR,154,613,683,158,111,25,1,21,87,72,60,1,125,5,3,0,20,20,5,.258,2023
193,192,Christian Walker,ARI,157,582,661,150,79,36,2,33,86,103,62,3,127,8,8,0,13,11,0,.258,2023
194,193,Teoscar Hernandez,SEA,160,625,678,161,104,29,2,26,70,93,38,2,211,8,7,0,6,7,2,.258,2023
195,194,Miguel Cabrera,DET,98,334,370,86,62,20,0,4,21,34,31,0,74,2,3,0,11,0,0,.257,2023
196,195,Fernando Tatis Jr.,SDP,141,575,635,148,89,33,1,25,91,78,53,0,141,3,3,1,17,29,4,.257,2023
197,196,Bryan De La Cruz,MIA,153,579,626,149,98,32,0,19,60,78,40,0,142,1,5,0,18,4,1,.257,2023
198,197,Anthony Santander,BAL,153,591,656,152,82,41,1,28,81,95,55,1,152,6,4,0,11,5,1,.257,2023
199,198,Willi Castro,MIN,124,358,409,92,60,18,5,9,60,34,34,1,99,12,3,2,5,33,5,.257,2023
200,199,Andrew McCutchen,PIT,112,390,473,100,69,19,0,12,55,43,75,1,100,4,4,0,8,11,3,.256,2023
201,200,LaMonte Wade Jr.,SFG,135,429,519,110,77,14,2,17,64,45,76,3,95,6,4,4,4,2,0,.256,2023
202,201,Spencer Horwitz,TOR,15,39,44,10,7,2,0,1,5,7,4,0,12,1,0,0,1,0,0,.256,2023
203,202,Kyle Farmer,MIN,120,336,369,86,59,14,2,11,49,46,23,0,86,8,2,0,7,2,4,.256,2023
204,203,Jake Fraley,CIN,111,336,380,86,53,18,0,15,41,65,37,2,71,6,1,0,5,21,5,.256,2023
205,204,Tommy Pham,- - -,129,426,481,109,63,27,3,16,55,68,47,1,106,2,6,0,11,22,3,.256,2023
206,205,Sam Huff,TEX,21,43,45,11,6,2,0,3,5,6,2,0,17,0,0,0,1,0,0,.256,2023
207,206,Gunnar Henderson,BAL,150,560,622,143,77,29,9,28,100,82,56,1,159,3,3,0,10,10,3,.255,2023
208,207,Eddie Rosario,ATL,142,478,516,122,74,24,3,21,64,74,34,1,122,1,2,1,13,3,4,.255,2023
209,208,Jorge Polanco,MIN,80,302,343,77,45,18,0,14,38,48,36,0,88,2,3,0,2,4,0,.255,2023
210,209,Tyler Wade,OAK,26,51,55,13,11,1,1,0,8,2,4,0,13,0,0,0,0,4,0,.255,2023
211,210,Salvador Perez,KCR,140,538,580,137,93,21,0,23,59,80,19,6,135,13,8,0,11,0,0,.255,2023
212,211,Dominic Smith,WSN,153,527,586,134,100,21,1,12,57,46,47,1,91,10,2,0,12,1,1,.254,2023
213,212,Francisco Lindor,NYM,160,602,687,153,87,33,2,31,108,98,66,1,137,12,7,0,8,31,4,.254,2023
214,213,Ryan McKenna,BAL,89,122,139,31,22,7,0,2,23,18,9,0,40,3,2,3,4,5,0,.254,2023
215,214,Randy Arozarena,TBR,151,551,654,140,95,19,3,23,95,83,80,1,156,18,5,0,10,22,10,.254,2023
216,215,Esteury Ruiz,OAK,132,449,497,114,84,24,1,5,47,47,20,1,99,16,1,4,7,67,13,.254,2023
217,216,Brandon Belt,TOR,103,339,404,86,44,23,0,19,53,43,61,1,141,2,2,0,5,0,0,.254,2023
218,217,Kevin Newman,CIN,74,225,253,57,38,16,0,3,28,28,17,0,34,4,5,2,7,8,1,.253,2023
219,218,Curtis Mead,TBR,24,83,92,21,16,3,1,1,12,5,7,0,21,2,0,0,3,0,0,.253,2023
220,219,Ezequiel Tovar,COL,153,581,615,147,91,37,4,15,79,73,25,0,166,4,3,2,10,11,5,.253,2023
221,220,Taylor Ward,LAA,97,356,409,90,58,18,0,14,60,47,39,0,80,8,6,0,9,4,2,.253,2023
222,221,Aaron Hicks,- - -,93,269,312,68,50,9,1,8,44,36,42,1,69,0,1,0,3,6,0,.253,2023
223,222,Jesus Sanchez,MIA,125,360,402,91,51,23,3,14,43,52,38,1,107,2,1,1,12,3,1,.253,2023
224,223,Sam Haggerty,SEA,52,91,108,23,18,3,1,1,13,5,15,0,17,1,0,1,0,10,1,.253,2023
225,224,Jarred Kelenic,SEA,105,372,416,94,56,25,2,11,44,49,41,4,132,1,2,0,6,13,5,.253,2023
226,225,Rene Pinto,TBR,39,103,105,26,17,3,0,6,10,16,2,0,34,0,0,0,2,0,0,.252,2023
227,226,Jacob Young,WSN,33,107,121,27,19,7,1,0,9,12,10,0,22,1,0,3,2,13,0,.252,2023
228,227,Mike Tauchman,CHC,108,337,401,85,59,18,0,8,64,48,56,1,86,4,3,1,3,7,1,.252,2023
229,228,Harold Castro,COL,99,258,270,65,51,13,0,1,24,31,9,0,66,0,2,1,5,1,0,.252,2023
230,229,Ildemaro Vargas,WSN,86,262,286,66,47,13,2,4,32,31,19,0,20,1,1,3,10,1,1,.252,2023
231,230,Zach Remillard,CHW,54,147,160,37,29,7,0,1,16,18,8,1,48,1,0,4,3,4,3,.252,2023
232,231,J.T. Realmuto,PHI,135,489,540,123,70,28,5,20,70,63,35,3,138,9,5,0,10,16,5,.252,2023
233,232,Jason Delay,PIT,70,167,187,42,29,11,1,1,20,18,14,0,44,3,1,2,5,0,0,.251,2023
234,233,Jeimer Candelario,- - -,140,505,576,127,63,39,3,22,77,70,53,1,127,13,4,0,11,8,1,.251,2023
235,234,Sean Murphy,ATL,108,370,438,93,51,21,0,21,65,68,49,0,98,18,1,0,18,0,0,.251,2023
236,235,Andres Gimenez,CLE,153,557,616,140,93,27,5,15,76,62,32,3,112,20,3,4,10,30,6,.251,2023
237,236,Elvis Andrus,CHW,112,374,406,94,67,20,1,6,39,44,25,1,71,4,2,1,11,12,4,.251,2023
238,237,Matt Duffy,KCR,79,191,209,48,38,8,0,2,17,16,12,0,39,4,2,0,4,1,0,.251,2023
239,238,Garrett Cooper,- - -,123,422,457,106,70,18,1,17,42,61,31,0,132,2,2,0,15,0,0,.251,2023
240,239,Edmundo Sosa,PHI,104,279,300,70,43,15,2,10,34,30,8,0,74,9,1,2,10,4,2,.251,2023
241,240,Ty France,SEA,158,587,665,147,103,32,0,12,79,58,43,0,117,34,1,0,25,1,0,.250,2023
242,241,Manny Pina,OAK,4,12,12,3,2,0,0,1,1,1,0,0,3,0,0,0,1,0,0,.250,2023
243,242,Corey Dickerson,WSN,50,144,152,36,26,7,1,2,12,17,7,0,28,0,1,0,3,0,1,.250,2023
244,243,Jorge Soler,MIA,137,504,580,126,66,24,0,36,77,75,66,4,141,6,4,0,20,1,0,.250,2023
245,244,Miguel Andujar,PIT,30,84,90,21,10,7,0,4,9,18,6,0,13,0,0,0,1,2,0,.250,2023
246,245,Luis Torrens,- - -,18,28,30,7,4,3,0,0,1,4,1,0,9,1,0,0,0,0,0,.250,2023
247,246,Eguy Rosario,SDP,11,36,37,9,5,1,1,2,6,6,1,0,12,0,0,0,1,0,0,.250,2023
248,247,Isaac Paredes,TBR,143,492,571,123,68,24,0,31,71,98,58,0,104,20,1,0,11,1,0,.250,2023
249,248,Jazz Chisholm Jr.,MIA,97,352,383,88,55,12,2,19,50,51,26,0,118,2,2,1,4,22,3,.250,2023
250,249,Oneil Cruz,PIT,9,32,40,8,6,1,0,1,7,4,7,0,8,0,1,0,0,3,0,.250,2023
251,250,Jake Burger,- - -,141,492,540,123,60,28,1,34,71,80,32,0,149,12,4,0,4,1,1,.250,2023
252,251,Alejandro Kirk,TOR,123,372,422,93,69,16,0,8,34,43,42,1,45,6,2,0,21,0,0,.250,2023
253,252,Luis Matos,SFG,76,228,253,57,41,13,1,2,24,14,20,0,33,3,0,2,3,3,0,.250,2023
254,253,Luke Raley,TBR,118,357,406,89,44,23,3,19,56,49,28,0,128,18,2,1,2,14,3,.249,2023
255,254,Matt Wallner,MIN,76,213,254,53,27,11,1,14,42,41,28,1,80,13,0,0,1,2,1,.249,2023
256,255,James Outman,LAD,151,483,567,120,78,16,3,23,86,70,68,1,181,12,4,0,4,16,3,.248,2023
257,256,Tommy Edman,STL,137,479,528,119,77,25,4,13,69,47,35,1,84,7,4,3,9,27,4,.248,2023
258,257,Ian Happ,CHC,158,580,691,144,84,35,4,21,86,84,99,2,153,6,6,0,12,14,3,.248,2023
259,258,C.J. Cron,- - -,71,258,278,64,40,12,0,12,38,37,17,0,65,1,2,0,13,0,0,.248,2023
260,259,J.D. Davis,SFG,144,480,546,119,77,23,1,18,61,69,52,0,152,6,6,0,16,1,0,.248,2023
261,260,Santiago Espinal,TOR,93,230,254,57,41,14,0,2,30,25,18,1,36,3,1,2,5,2,1,.248,2023
262,261,Starling Marte,NYM,86,315,341,78,65,7,1,5,38,28,16,1,69,8,0,2,8,24,4,.248,2023
263,262,Rob Refsnyder,BOS,89,202,243,50,39,9,1,1,31,28,33,0,47,5,1,1,8,7,2,.248,2023
264,263,Ronny Mauricio,NYM,26,101,108,25,19,4,0,2,11,9,7,0,31,0,0,0,2,7,0,.248,2023
265,264,Christopher Morel,CHC,107,388,429,96,50,17,3,26,62,70,36,0,133,2,2,1,7,6,2,.247,2023
266,265,David Fletcher,LAA,33,89,97,22,19,1,0,2,7,12,7,1,9,0,0,1,2,0,0,.247,2023
267,266,Mike Moustakas,- - -,112,352,386,87,60,15,0,12,43,48,23,1,95,3,8,0,7,0,0,.247,2023
268,267,Connor Joe,PIT,133,413,472,102,56,31,4,11,63,42,50,0,110,8,1,0,4,3,5,.247,2023
269,268,Brayan Rocchio,CLE,23,81,86,20,14,6,0,0,9,8,4,0,27,0,1,0,4,0,0,.247,2023
270,269,Adam Duvall,BOS,92,320,353,79,32,24,2,21,45,58,22,1,110,6,5,0,0,4,0,.247,2023
271,270,Josh Bell,- - -,150,547,617,135,85,28,0,22,52,74,63,2,134,2,3,0,13,0,1,.247,2023
272,271,Vinnie Pasquantino,KCR,61,231,260,57,31,17,0,9,24,26,25,2,31,2,1,0,7,0,0,.247,2023
273,272,Brent Rooker,OAK,137,463,526,114,63,20,1,30,61,69,49,1,172,10,4,0,11,4,0,.246,2023
274,273,Garrett Mitchell,MIL,19,65,73,16,10,2,1,3,10,7,7,0,26,0,1,0,0,1,1,.246,2023
275,274,Sal Frelick,MIL,57,191,223,47,34,9,1,3,29,24,28,0,37,1,3,0,2,7,0,.246,2023
276,275,Geraldo Perdomo,ARI,144,407,495,100,70,20,4,6,71,47,64,1,86,6,4,14,2,16,4,.246,2023
277,276,Tim Anderson,CHW,123,493,524,121,100,18,2,1,52,25,26,0,122,3,2,0,15,13,2,.245,2023
278,277,Josh Rojas,- - -,105,314,350,77,56,17,0,4,47,40,27,0,81,1,4,2,3,12,0,.245,2023
279,278,CJ Abrams,WSN,151,563,614,138,86,28,6,18,83,64,32,2,118,13,3,3,7,47,4,.245,2023
280,279,Adolis Garcia,TEX,148,555,632,136,68,29,0,39,108,107,65,0,175,6,6,0,12,9,1,.245,2023
281,280,Yuli Gurriel,MIA,108,298,329,73,50,16,3,4,32,27,26,3,44,1,4,0,13,4,0,.245,2023
282,281,Corey Julks,HOU,93,298,323,73,53,14,0,6,35,33,22,0,75,1,2,0,6,15,3,.245,2023
283,282,Terrin Vavra,BAL,27,49,56,12,12,0,0,0,9,5,5,0,12,0,0,2,5,1,0,.245,2023
284,283,Nelson Cruz,SDP,49,143,152,35,24,5,1,5,9,23,6,1,46,2,1,0,2,1,0,.245,2023
285,284,Jonathan India,CIN,119,454,529,111,71,23,0,17,78,61,52,0,109,16,7,0,13,14,2,.244,2023
286,285,Jonathan Davis,MIA,34,90,104,22,15,4,1,2,22,10,7,0,29,2,2,2,1,1,2,.244,2023
287,286,Alec Burleson,STL,107,315,347,77,48,20,1,8,34,36,23,0,45,3,2,1,13,3,1,.244,2023
288,287,Dansby Swanson,CHC,147,565,638,138,88,25,3,22,81,80,66,0,154,5,2,0,9,9,1,.244,2023
289,288,Anthony Rizzo,NYY,99,373,421,91,65,14,0,12,45,41,35,1,97,12,1,0,10,0,3,.244,2023
290,289,D.J. Stewart,NYM,58,160,185,39,19,9,0,11,21,26,15,0,56,7,1,1,3,1,1,.244,2023
291,290,DJ LeMahieu,NYY,136,497,562,121,81,22,3,15,55,44,60,2,125,3,2,0,14,2,2,.243,2023
292,291,Henry Ramos,CIN,23,74,86,18,14,3,1,0,9,5,11,0,21,1,0,0,2,2,1,.243,2023
293,292,Tyler Stephenson,CIN,142,465,517,113,78,20,2,13,59,56,47,2,135,4,1,0,16,0,1,.243,2023
294,293,Elehuris Montero,COL,85,284,307,69,41,15,2,11,40,39,15,0,111,5,3,0,5,0,0,.243,2023
295,294,Jake McCarthy,ARI,99,276,312,67,53,7,5,2,37,16,26,0,62,5,1,4,4,26,4,.243,2023
296,295,Isiah Kiner-Falefa,NYY,115,326,361,79,60,12,1,6,39,37,28,0,70,3,3,1,12,14,5,.242,2023
297,296,Jurickson Profar,- - -,125,459,521,111,73,27,2,9,55,46,50,0,90,6,5,0,11,1,0,.242,2023
298,297,Tyler Freeman,CLE,64,153,168,37,26,7,0,4,20,18,10,0,30,2,1,2,3,5,0,.242,2023
299,298,Michael Chavis,WSN,48,91,96,22,17,3,0,2,16,5,5,0,33,0,0,0,3,1,0,.242,2023
300,299,Andrew Knizner,STL,70,224,241,54,33,11,0,10,30,31,12,0,62,3,1,1,8,2,0,.241,2023
301,300,Christian Arroyo,BOS,66,195,206,47,28,16,0,3,23,24,7,0,45,1,2,1,8,1,3,.241,2023
302,301,Ceddanne Rafaela,BOS,28,83,89,20,12,6,0,2,11,5,4,0,28,1,1,0,2,3,1,.241,2023
303,302,Miles Mastrobuoni,CHC,61,133,149,32,26,5,0,1,24,5,13,0,32,0,0,3,1,13,1,.241,2023
304,303,Adam Frazier,BAL,141,412,455,99,63,21,2,13,59,60,32,0,68,4,2,4,4,11,4,.240,2023
305,304,Carlos Santana,- - -,146,550,619,132,75,33,1,23,78,86,65,0,104,0,4,0,11,6,0,.240,2023
306,305,Kyle Isbel,KCR,91,292,313,70,41,22,2,5,45,34,17,0,59,1,2,1,5,7,1,.240,2023
307,306,Matt Chapman,TOR,140,509,581,122,64,39,2,17,66,54,62,1,165,8,2,0,4,4,2,.240,2023
308,307,Ryan McMahon,COL,152,555,627,133,76,31,3,23,80,70,68,2,198,1,3,0,19,5,5,.240,2023
309,308,Michael Conforto,SFG,125,406,470,97,68,14,0,15,58,58,53,4,106,7,4,0,12,4,0,.239,2023
310,309,Josh Palacios,PIT,91,247,264,59,38,9,2,10,26,40,12,0,56,2,1,2,7,5,0,.239,2023
311,310,Willie Calhoun,NYY,44,134,149,32,20,7,0,5,16,16,14,1,20,0,1,0,2,0,0,.239,2023
312,311,Cade Marlowe,SEA,34,88,100,21,13,3,2,3,14,11,12,0,33,0,0,0,1,4,2,.239,2023
313,312,Austin Meadows,DET,6,21,21,5,4,1,0,0,0,2,0,0,3,0,0,0,0,0,0,.238,2023
314,313,Myles Straw,CLE,147,462,518,110,88,18,3,1,52,29,42,0,97,2,6,6,10,20,6,.238,2023
315,314,Cody Thomas,OAK,19,42,46,10,6,3,0,1,1,2,4,0,17,0,0,0,1,0,0,.238,2023
316,315,Cristian Pache,PHI,48,84,95,20,10,7,1,2,12,11,10,0,27,0,0,1,1,2,3,.238,2023
317,316,Robbie Grossman,TEX,115,353,420,84,50,23,1,10,56,49,57,0,98,2,8,0,8,1,0,.238,2023
318,317,David Fry,CLE,58,101,113,24,14,6,0,4,12,15,8,0,30,4,0,0,3,2,0,.238,2023
319,318,Bo Naylor,CLE,67,198,230,47,23,13,0,11,33,32,30,1,53,1,1,0,2,5,0,.237,2023
320,319,Liover Peguero,PIT,59,198,213,47,35,4,1,7,21,26,11,0,67,1,1,2,6,6,2,.237,2023
321,320,Jose Abreu,HOU,141,540,594,128,86,23,1,18,62,90,42,1,130,6,6,0,16,0,1,.237,2023
322,321,Jake Marisnick,- - -,46,76,83,18,11,3,2,2,10,10,3,0,21,2,1,1,4,2,3,.237,2023
323,322,Tyler Heineman,- - -,22,38,47,9,7,1,1,0,5,3,8,0,8,1,0,0,0,1,0,.237,2023
324,323,Chris Taylor,LAD,117,338,384,80,49,15,1,15,51,56,41,2,125,4,1,0,2,16,3,.237,2023
325,324,Enrique Hernandez,- - -,140,465,508,110,76,23,0,11,57,61,34,1,97,3,6,0,17,4,1,.237,2023
326,325,Anthony Rendon,LAA,43,148,183,35,27,6,0,2,23,22,25,0,27,6,4,0,6,2,0,.236,2023
327,326,Raimel Tapia,- - -,64,148,169,35,27,4,1,3,28,13,17,0,40,1,1,1,2,10,2,.236,2023
328,327,Nolan Gorman,STL,119,406,464,96,52,17,0,27,59,76,53,1,148,3,2,0,5,7,2,.236,2023
329,328,Miguel Rojas,LAD,125,385,423,91,69,16,1,5,49,31,26,0,48,5,5,2,12,8,3,.236,2023
330,329,Logan O'Hoppe,LAA,51,182,199,43,23,6,0,14,23,29,14,0,48,2,1,0,4,0,1,.236,2023
331,330,Sam Hilliard,ATL,40,72,78,17,9,5,0,3,15,6,6,0,33,0,0,0,1,4,0,.236,2023
332,331,Nick Senzel,CIN,104,301,330,71,48,10,0,13,49,42,26,0,74,1,2,0,9,6,2,.236,2023
333,332,Kyle Higashioka,NYY,92,242,260,57,34,13,0,10,24,34,14,0,74,0,3,1,5,0,0,.236,2023
334,333,Blake Sabol,SFG,110,310,344,73,50,10,0,13,36,44,24,0,117,6,2,2,4,4,2,.235,2023
335,334,Cavan Biggio,TOR,111,289,338,68,47,12,0,9,54,40,40,0,88,7,2,0,0,5,2,.235,2023
336,335,Jose Fermin,STL,21,51,61,12,11,1,0,0,2,4,6,0,8,2,0,2,1,0,1,.235,2023
337,336,Junior Caminero,TBR,7,34,36,8,6,1,0,1,4,7,2,0,8,0,0,0,2,0,0,.235,2023
338,337,Joc Pederson,SFG,121,358,425,84,52,14,3,15,59,51,57,6,89,7,3,0,12,0,0,.235,2023
339,338,Luke Maile,CIN,78,179,199,42,26,10,0,6,17,25,14,0,49,5,0,1,8,2,1,.235,2023
340,339,Nelson Velazquez,- - -,53,162,179,38,15,6,0,17,35,34,14,0,51,2,1,0,3,0,0,.235,2023
341,340,Elly De La Cruz,CIN,98,388,427,91,56,15,7,13,67,44,35,3,144,2,1,1,6,35,8,.235,2023
342,341,MJ Melendez,KCR,148,533,602,125,75,29,5,16,65,56,62,2,170,3,4,0,4,6,4,.235,2023
343,342,Connor Wong,BOS,126,371,403,87,51,25,2,9,55,36,22,0,134,6,1,3,4,8,2,.235,2023
344,343,Yasmani Grandal,CHW,118,363,405,85,63,14,0,8,33,33,36,1,86,4,2,0,11,0,0,.234,2023
345,344,Eric Hosmer,CHC,31,94,100,22,17,3,0,2,7,14,6,0,25,0,0,0,5,0,0,.234,2023
346,345,Trey Mancini,CHC,79,235,263,55,39,12,0,4,31,28,21,1,78,2,3,0,5,0,0,.234,2023
347,346,Tyrone Taylor,MIL,81,231,243,54,26,17,1,10,36,35,8,0,55,3,1,0,10,9,0,.234,2023
348,347,Mike Yastrzemski,SFG,106,330,381,77,38,23,1,15,54,43,45,3,99,3,1,2,5,2,2,.233,2023
349,348,Kris Bryant,COL,80,300,335,70,50,10,0,10,36,31,29,0,68,6,0,0,6,0,0,.233,2023
350,349,Heston Kjerstad,BAL,13,30,33,7,4,1,0,2,3,3,2,0,10,0,0,0,0,0,0,.233,2023
351,350,Patrick Bailey,SFG,97,326,353,76,50,18,1,7,29,48,21,0,100,3,1,2,8,1,0,.233,2023
352,351,Hunter Renfroe,- - -,140,498,548,116,65,31,0,20,60,60,44,0,125,3,3,0,15,0,0,.233,2023
353,352,Daniel Vogelbach,NYM,104,275,319,64,43,8,0,13,33,48,42,1,81,2,0,0,6,0,0,.233,2023
354,353,Cedric Mullins II,BAL,116,404,455,94,53,23,3,15,51,74,43,1,101,1,4,3,6,19,3,.233,2023
355,354,Tucupita Marcano,PIT,75,202,220,47,30,12,2,3,16,18,10,0,35,3,2,3,2,5,2,.233,2023
356,355,Spencer Torkelson,DET,159,606,684,141,75,34,1,31,88,94,67,1,171,6,5,0,15,3,0,.233,2023
357,356,Eugenio Suarez,SEA,162,598,694,139,88,29,0,22,68,96,70,0,214,15,11,0,10,2,1,.232,2023
358,357,Tim Locastro,NYM,43,56,67,13,8,3,0,2,13,3,3,0,22,6,0,2,0,6,0,.232,2023
359,358,Wade Meckler,SFG,20,56,64,13,12,1,0,0,6,4,6,0,25,2,0,0,0,0,0,.232,2023
360,359,Nick Pratto,KCR,95,306,345,71,48,16,0,7,33,35,29,0,138,6,4,0,3,1,1,.232,2023
361,360,Parker Meadows,DET,37,125,145,29,20,4,2,3,19,13,17,1,37,2,1,0,0,8,1,.232,2023
362,361,Harrison Bader,- - -,98,319,344,74,53,12,2,7,44,40,17,0,59,3,4,1,7,20,3,.232,2023
363,362,Cal Raleigh,SEA,145,513,569,119,65,23,1,30,78,75,54,1,158,1,1,0,6,0,0,.232,2023
364,363,Alan Trejo,COL,83,207,227,48,33,11,0,4,24,26,16,0,51,1,2,1,3,5,1,.232,2023
365,364,Nicky Lopez,- - -,94,225,262,52,40,8,3,1,32,25,26,0,40,6,1,4,3,6,2,.231,2023
366,365,Tyler O'Neill,STL,72,238,266,55,32,14,0,9,27,21,28,0,67,0,0,0,5,5,0,.231,2023
367,366,Jose Azocar,SDP,55,91,102,21,13,6,0,2,16,9,4,0,24,2,0,5,2,8,2,.231,2023
368,367,Brandon Lowe,TBR,109,377,436,87,50,15,1,21,58,68,50,0,119,6,3,0,8,7,0,.231,2023
369,368,Marco Luciano,SFG,14,39,45,9,6,3,0,0,4,0,6,0,17,0,0,0,0,1,0,.231,2023
370,369,Zach McKinstry,DET,148,464,518,107,73,21,4,9,60,35,44,0,113,5,3,2,3,16,6,.231,2023
371,370,Ji Hwan Bae,PIT,111,334,371,77,56,17,2,2,54,32,30,0,92,2,2,3,4,24,9,.231,2023
372,371,Kody Clemens,PHI,49,139,148,32,21,7,0,4,15,13,8,0,40,1,0,0,1,0,0,.230,2023
373,372,Alek Thomas,ARI,125,374,402,86,55,17,5,9,51,39,19,1,86,4,3,2,5,9,1,.230,2023
374,373,Jonathan Aranda,TBR,34,87,103,20,13,4,1,2,13,13,13,1,31,2,1,0,1,0,0,.230,2023
375,374,Carlos Correa,MIN,135,514,580,118,69,29,2,18,60,65,59,3,131,4,3,0,30,0,0,.230,2023
376,375,Matt Beaty,- - -,30,61,72,14,10,4,0,0,8,4,6,0,14,5,0,0,1,0,0,.230,2023
377,376,Estevan Florial,NYY,19,61,71,14,10,3,1,0,5,8,7,0,20,2,1,0,0,3,0,.230,2023
378,377,Alfonso Rivas,- - -,48,109,123,25,11,10,1,3,8,15,9,0,36,3,1,1,1,1,0,.229,2023
379,378,Jake Cronenworth,SDP,127,458,522,105,64,24,7,10,54,48,46,2,97,11,5,1,8,6,1,.229,2023
380,379,Ryan Noda,OAK,128,406,495,93,54,22,1,16,63,54,77,1,170,10,2,0,4,3,1,.229,2023
381,380,Michael Massey,KCR,129,428,461,98,64,18,1,15,42,55,24,0,99,4,4,1,3,6,2,.229,2023
382,381,Aledmys Diaz,OAK,109,315,344,72,47,20,1,4,25,24,17,2,66,7,4,1,14,1,0,.229,2023
383,382,Austin Wells,NYY,19,70,75,16,6,6,0,4,8,13,3,0,14,0,1,0,3,0,0,.229,2023
384,383,Drew Waters,KCR,98,302,337,69,45,11,5,8,40,32,27,0,107,5,3,0,4,16,5,.228,2023
385,384,Kevin Pillar,ATL,81,197,206,45,26,10,0,9,29,32,6,0,50,0,3,0,2,4,1,.228,2023
386,385,Mike Ford,SEA,84,219,251,50,28,6,0,16,32,34,24,0,81,7,1,0,4,0,0,.228,2023
387,386,Stuart Fairchild,CIN,97,219,255,50,27,16,2,5,34,28,25,0,69,6,2,3,2,10,3,.228,2023
388,387,Danny Jansen,TOR,86,268,301,61,29,15,0,17,38,53,23,1,62,10,0,0,3,0,0,.228,2023
389,388,Francisco Mejia,TBR,50,150,160,34,18,11,0,5,22,19,6,0,38,1,2,1,2,0,1,.227,2023
390,389,Billy McKinney,NYY,48,128,147,29,19,3,1,6,19,14,17,1,39,1,1,0,1,1,0,.227,2023
391,390,Jake Meyers,HOU,112,309,341,70,43,16,1,10,42,33,26,0,88,5,1,0,2,5,2,.227,2023
392,391,Brian Anderson,MIL,96,318,361,72,48,12,3,9,38,40,36,0,108,4,3,0,10,1,3,.226,2023
393,392,Jake Alu,WSN,51,159,175,36,31,2,1,2,14,16,10,0,42,3,2,1,2,5,1,.226,2023
394,393,Carlos Perez,OAK,68,168,189,38,28,4,0,6,17,20,13,0,40,4,3,1,4,0,0,.226,2023
395,394,Mark Mathias,- - -,27,62,72,14,12,2,0,0,6,6,10,0,15,0,0,0,4,3,0,.226,2023
396,395,Jose Tena,CLE,18,31,34,7,5,2,0,0,2,3,3,0,13,0,0,0,0,0,0,.226,2023
397,396,Eduardo Escobar,- - -,100,288,309,65,48,6,5,6,32,31,18,0,78,0,2,1,7,2,1,.226,2023
398,397,Christian Bethancourt,TBR,104,315,332,71,44,16,0,11,49,33,13,0,91,0,3,1,6,1,0,.225,2023
399,398,J.P. Martinez,TEX,17,40,44,9,7,1,0,1,7,4,2,0,16,0,2,0,0,0,0,.225,2023
400,399,Zach Neto,LAA,84,289,329,65,39,17,0,9,38,34,20,0,77,16,3,1,5,5,1,.225,2023
401,400,Travis d'Arnaud,ATL,74,267,292,60,36,13,0,11,31,39,21,0,67,3,1,0,6,0,0,.225,2023
402,401,Darin Ruf,- - -,20,49,57,11,8,3,0,0,3,3,8,0,16,0,0,0,0,0,0,.224,2023
403,402,Ramon Laureano,- - -,105,361,404,81,50,18,4,9,46,35,33,0,114,9,1,0,9,12,1,.224,2023
404,403,Luis Guillorme,NYM,54,107,120,24,16,6,1,1,12,9,10,1,28,0,1,2,4,0,0,.224,2023
405,404,Jack Suwinski,PIT,144,447,534,100,51,21,2,26,63,74,75,2,172,6,6,0,2,13,2,.224,2023
406,405,Christian Vazquez,MIN,102,327,355,73,54,13,0,6,34,32,25,1,82,1,1,1,11,1,0,.223,2023
407,406,Evan Longoria,ARI,74,211,237,47,27,9,0,11,25,28,23,0,73,0,3,0,8,0,0,.223,2023
408,407,James McCann,BAL,70,207,226,46,26,14,0,6,25,26,9,0,57,5,2,3,5,3,1,.222,2023
409,408,Johan Camargo,SFG,8,18,20,4,4,0,0,0,0,2,1,0,4,1,0,0,2,0,0,.222,2023
410,409,Adam Haseley,CHW,28,36,39,8,6,2,0,0,6,2,3,0,8,0,0,0,1,1,0,.222,2023
411,410,Livan Soto,LAA,4,9,12,2,2,0,0,0,2,0,3,0,2,0,0,0,0,0,0,.222,2023
412,411,Jacob Amaya,MIA,4,9,9,2,2,0,0,0,1,2,0,0,1,0,0,0,0,1,0,.222,2023
413,412,Jose Siri,TBR,101,338,364,75,35,13,2,25,58,56,20,0,130,2,3,1,5,12,3,.222,2023
414,413,Seth Brown,OAK,112,343,378,76,42,19,1,14,33,52,30,1,101,2,2,1,6,3,1,.222,2023
415,414,Javier Baez,DET,136,510,547,113,82,18,4,9,58,59,24,0,125,9,3,0,12,12,0,.222,2023
416,415,Jesus Aguilar,OAK,36,104,115,23,16,2,0,5,8,9,8,2,31,1,1,0,3,0,0,.221,2023
417,416,Nick Allen,OAK,106,303,329,67,57,4,2,4,29,20,17,0,52,1,2,6,8,5,1,.221,2023
418,417,Jose Caballero,SEA,104,231,280,51,37,9,1,4,37,26,28,0,66,17,4,0,0,26,3,.221,2023
419,418,Luke Voit,MIL,22,68,74,15,12,3,0,0,5,4,4,0,27,2,0,0,3,2,0,.221,2023
420,419,Jordan Diaz,OAK,90,272,293,60,41,9,0,10,20,27,17,0,69,3,1,0,10,0,1,.221,2023
421,420,Jake Rogers,DET,107,331,365,73,41,11,0,21,47,49,28,0,118,3,2,1,6,1,1,.221,2023
422,421,Endy Rodriguez,PIT,57,186,204,41,29,7,2,3,27,13,17,0,49,0,1,0,3,0,0,.220,2023
423,422,Daulton Varsho,TOR,158,527,581,116,70,23,3,20,65,61,45,0,135,4,3,1,5,16,7,.220,2023
424,423,Michael A. Taylor,MIN,129,355,388,78,42,14,1,21,48,51,26,0,130,3,1,3,7,13,1,.220,2023
425,424,Dominic Canzone,- - -,59,173,182,38,19,13,0,6,23,21,8,0,32,1,0,0,5,1,0,.220,2023
426,425,Hanser Alberto,CHW,30,82,90,18,10,5,0,3,11,16,4,0,13,1,1,2,1,0,0,.220,2023
427,426,Rafael Ortega,NYM,47,114,136,25,21,3,0,1,16,8,20,0,33,1,0,1,0,6,1,.219,2023
428,427,Jean Segura,MIA,85,301,326,66,56,5,2,3,25,21,22,1,47,2,0,1,12,6,2,.219,2023
429,428,Dylan Carlson,STL,76,219,255,48,34,8,1,5,27,27,26,0,49,7,3,0,4,3,0,.219,2023
430,429,Tyler Fitzgerald,SFG,10,32,34,7,3,2,0,2,3,5,2,0,10,0,0,0,0,2,0,.219,2023
431,430,Osleivis Basabe,TBR,31,87,94,19,13,5,0,1,15,12,6,0,25,1,0,0,2,0,1,.218,2023
432,431,Jose Barrero,CIN,46,133,149,29,19,8,0,2,15,17,15,0,44,0,1,0,1,3,2,.218,2023
433,432,Akil Baddoo,DET,112,312,357,68,43,13,1,11,40,34,42,2,89,0,1,2,4,14,3,.218,2023
434,433,Brice Turang,MIL,137,404,448,88,70,9,3,6,46,34,38,1,94,1,2,3,9,26,4,.218,2023
435,434,Greg Allen,NYY,22,23,28,5,2,1,1,1,6,1,2,0,10,2,0,1,0,3,1,.217,2023
436,435,Drew Ellis,PHI,12,23,29,5,3,0,0,2,4,4,6,0,7,0,0,0,0,0,1,.217,2023
437,436,Willy Adames,MIL,149,553,638,120,65,29,2,24,73,80,71,1,165,6,6,0,12,5,3,.217,2023
438,437,Jorge Mateo,BAL,116,318,350,69,46,14,2,7,58,34,22,0,82,1,3,5,8,32,5,.217,2023
439,438,Blake Perkins,MIL,67,143,168,31,20,7,0,4,28,20,23,0,46,0,0,2,3,5,2,.217,2023
440,439,Gary Sanchez,- - -,75,240,267,52,24,9,0,19,33,47,21,0,67,4,2,0,3,0,0,.217,2023
441,440,Kole Calhoun,CLE,43,157,174,34,21,7,0,6,18,25,13,0,37,2,2,0,3,0,1,.217,2023
442,441,Pete Alonso,NYM,154,568,658,123,54,21,2,46,92,118,65,6,151,21,4,0,17,4,1,.217,2023
443,442,Oscar Colas,CHW,75,245,263,53,39,9,0,5,32,19,12,1,71,2,2,2,5,4,3,.216,2023
444,443,Jake Lamb,LAA,19,51,54,11,8,1,0,2,7,5,3,0,15,0,0,0,1,0,0,.216,2023
445,444,Rowdy Tellez,MIL,106,311,351,67,44,9,1,13,26,47,35,2,86,0,5,0,11,0,0,.215,2023
446,445,Brad Miller,TEX,27,56,67,12,7,4,0,1,8,6,10,0,11,0,1,0,1,0,0,.214,2023
447,446,Oscar Gonzalez,CLE,54,173,180,37,26,7,2,2,15,12,5,0,46,1,1,0,2,0,0,.214,2023
448,447,Matt Thaiss,LAA,95,262,307,56,41,6,0,9,32,31,36,1,83,6,3,0,4,2,0,.214,2023
449,448,Miguel Amaya,CHC,53,131,156,28,19,4,0,5,17,18,12,0,40,11,1,1,2,0,0,.214,2023
450,449,Henry Davis,PIT,62,225,255,48,31,10,0,7,27,24,25,2,69,4,1,0,3,3,5,.213,2023
451,450,Jonathan Schoop,DET,55,136,151,29,21,8,0,0,15,7,13,0,37,0,2,0,6,0,0,.213,2023
452,451,Trevor Larnach,MIN,58,183,212,39,21,7,3,8,26,40,27,1,72,0,2,0,2,1,1,.213,2023
453,452,Brett Baty,NYM,108,353,389,75,54,12,0,9,41,34,29,0,109,2,1,1,8,2,0,.212,2023
454,453,Nick Ahmed,ARI,72,198,210,42,29,10,1,2,14,17,12,0,52,0,0,0,0,5,1,.212,2023
455,454,Joey Wendle,MIA,112,297,318,63,42,16,3,2,33,20,13,0,67,2,3,3,8,7,1,.212,2023
456,455,Joey Ortiz,BAL,15,33,34,7,6,1,0,0,4,4,0,0,9,0,1,0,2,0,0,.212,2023
457,456,Jake Cave,PHI,65,184,203,39,25,8,1,5,18,21,15,0,55,1,2,1,3,3,0,.212,2023
458,457,Max Muncy,LAD,135,482,579,102,48,17,1,36,95,105,85,4,153,6,6,0,8,1,2,.212,2023
459,458,Rodolfo Castro,- - -,92,227,256,48,35,7,0,6,21,24,23,1,74,5,1,0,4,1,4,.211,2023
460,459,Oswaldo Cabrera,NYY,115,298,330,63,47,11,0,5,35,29,25,1,72,2,2,3,6,8,0,.211,2023
461,460,Lawrence Butler,OAK,42,123,129,26,18,4,0,4,10,10,4,0,35,1,1,0,5,0,0,.211,2023
462,461,Jose Miranda,MIN,40,142,152,30,23,4,0,3,12,13,9,0,24,1,0,0,8,0,0,.211,2023
463,462,Jace Peterson,- - -,134,374,430,79,59,10,4,6,35,37,47,2,101,4,3,2,7,15,2,.211,2023
464,463,Mark Vientos,NYM,65,218,233,46,31,5,1,9,19,22,10,0,71,3,2,0,5,1,0,.211,2023
465,464,Omar Narvaez,NYM,49,128,146,27,20,5,0,2,12,7,14,0,27,0,3,1,1,0,0,.211,2023
466,465,Jose Trevino,NYY,55,157,168,33,25,4,0,4,15,15,8,0,22,2,0,1,6,0,0,.210,2023
467,466,Brett Sullivan,SDP,33,81,86,17,13,3,0,1,7,6,4,0,19,0,1,0,1,0,0,.210,2023
468,467,Gabriel Arias,CLE,122,315,345,66,41,15,0,10,36,26,28,0,113,1,1,0,9,3,4,.210,2023
469,468,Francisco Alvarez,NYM,123,382,423,80,43,12,0,25,51,63,34,0,110,6,1,0,14,2,0,.209,2023
470,469,Luken Baker,STL,33,86,99,18,13,3,0,2,9,10,13,0,31,0,0,0,1,0,0,.209,2023
471,470,Tony Kemp,OAK,124,359,419,75,54,13,3,5,42,27,44,0,40,6,3,7,9,15,4,.209,2023
472,471,Anthony Volpe,NYY,159,541,601,113,65,23,4,21,62,60,52,0,167,5,2,1,10,24,5,.209,2023
473,472,Nick Gonzales,PIT,35,115,128,24,13,8,1,2,12,13,6,0,36,4,2,1,0,0,1,.209,2023
474,473,Mitch Haniger,SFG,61,211,229,44,24,13,1,6,27,28,15,0,65,2,1,0,7,1,0,.209,2023
475,474,Jose Herrera,ARI,43,101,120,21,16,5,0,0,15,7,13,0,30,0,1,5,2,1,0,.208,2023
476,475,Jordan Luplow,- - -,39,77,90,16,11,3,0,2,11,5,12,1,27,1,0,0,1,2,0,.208,2023
477,476,Austin Wynns,- - -,51,130,145,27,20,6,0,1,11,10,9,0,39,2,1,3,4,1,0,.208,2023
478,477,Trey Cabbage,LAA,22,53,56,11,7,3,0,1,5,7,2,0,26,0,1,0,1,1,1,.208,2023
479,478,Byron Buxton,MIN,85,304,347,63,28,17,1,17,49,42,35,2,109,4,4,0,3,9,0,.207,2023
480,479,Paul DeJong,- - -,112,372,400,77,50,13,0,14,41,38,21,0,121,5,2,0,10,4,4,.207,2023
481,480,Dylan Moore,SEA,67,145,165,30,13,9,1,7,18,19,16,0,56,4,0,0,1,7,3,.207,2023
482,481,Carter Kieboom,WSN,27,87,94,18,12,2,0,4,12,11,6,0,27,1,0,0,2,0,0,.207,2023
483,482,Jo Adell,LAA,17,58,62,12,5,3,1,3,7,6,4,0,25,0,0,0,1,1,0,.207,2023
484,483,Joey Bart,SFG,30,87,95,18,13,5,0,0,9,5,3,0,23,4,1,0,0,0,0,.207,2023
485,484,Carson Kelly,- - -,52,136,151,28,21,5,0,2,13,13,14,0,40,0,1,0,2,1,0,.206,2023
486,485,Casey Schmitt,SFG,90,253,277,52,32,15,0,5,28,30,13,0,65,5,3,3,7,2,1,.206,2023
487,486,Mike Brosseau,MIL,29,73,78,15,9,2,0,4,4,8,4,0,20,1,0,0,2,0,0,.205,2023
488,487,Shea Langeliers,OAK,135,448,490,92,47,19,4,22,52,63,34,2,143,5,2,1,10,3,2,.205,2023
489,488,Patrick Wisdom,CHC,97,268,302,55,23,8,1,23,43,46,30,0,111,2,1,1,4,4,2,.205,2023
490,489,Joey Wiemer,MIL,132,367,410,75,43,19,0,13,48,42,36,0,116,5,2,0,4,11,4,.204,2023
491,490,Bobby Dalbec,BOS,21,49,53,10,7,2,0,1,6,1,4,0,28,0,0,0,0,1,0,.204,2023
492,491,Carlos Perez,CHW,27,49,53,10,5,4,0,1,5,3,4,0,11,0,0,0,2,0,0,.204,2023
493,492,Nick Fortes,MIA,108,294,323,60,44,10,0,6,33,26,17,0,59,7,2,3,12,4,2,.204,2023
494,493,Josh Harrison,PHI,41,103,114,21,16,3,0,2,8,10,3,0,20,6,2,0,2,0,0,.204,2023
495,494,Zack Short,DET,112,221,253,45,29,9,0,7,17,33,28,0,66,0,1,3,3,5,0,.204,2023
496,495,Garrett Stubbs,PHI,41,113,125,23,17,4,1,1,15,12,9,0,29,2,0,1,0,2,0,.204,2023
497,496,Brenton Doyle,COL,126,399,431,81,50,16,5,10,48,48,22,0,151,4,3,3,9,22,5,.203,2023
498,497,Rougned Odor,SDP,59,138,157,28,15,9,0,4,21,18,17,0,37,2,0,0,2,2,1,.203,2023
499,498,Gavin Sheets,CHW,118,311,344,63,43,10,0,10,24,43,28,2,66,1,4,0,6,1,0,.203,2023
500,499,Trevor Story,BOS,43,158,168,32,20,9,0,3,12,14,9,0,55,1,0,0,2,10,3,.203,2023
501,500,Brandon Dixon,SDP,33,79,86,16,10,4,0,2,10,9,1,0,31,4,2,0,1,1,0,.203,2023
502,501,Jake Bauers,NYY,84,242,272,49,22,15,0,12,28,30,27,0,95,0,3,0,3,3,2,.202,2023
503,502,Joey Votto,CIN,65,208,242,42,22,6,0,14,26,38,27,0,62,7,0,0,2,0,0,.202,2023
504,503,Tucker Barnhart,CHC,47,109,123,22,18,3,0,1,6,9,12,0,42,1,1,0,4,1,0,.202,2023
505,504,Taylor Walls,TBR,99,303,349,61,39,12,2,8,50,36,44,0,92,1,0,1,1,22,1,.201,2023
506,505,Lenyn Sosa,CHW,52,164,173,33,21,6,0,6,12,14,5,1,40,0,1,3,3,0,1,.201,2023
507,506,Eric Haase,- - -,89,274,293,55,42,8,1,4,22,26,17,1,81,0,1,1,11,4,1,.201,2023
508,507,Ben Gamel,SDP,6,15,15,3,2,1,0,0,2,2,0,0,2,0,0,0,0,0,0,.200,2023
509,508,Matt Reynolds,CIN,2,5,5,1,1,0,0,0,1,0,0,0,3,0,0,0,0,0,0,.200,2023
510,509,Tyler Nevin,DET,41,95,111,19,13,3,1,2,11,10,12,0,25,3,1,0,1,0,1,.200,2023
511,510,Jahmai Jones,MIL,7,10,11,2,1,1,0,0,2,3,1,0,5,0,0,0,0,1,0,.200,2023
512,511,Alex Call,WSN,128,375,439,75,52,14,1,8,43,38,53,0,78,6,2,3,1,9,8,.200,2023
513,512,Samad Taylor,KCR,31,60,69,12,9,2,1,0,11,4,7,0,22,0,1,1,1,8,0,.200,2023
514,513,Grae Kessinger,HOU,26,40,45,8,5,2,0,1,3,1,5,0,12,0,0,0,0,0,1,.200,2023
515,514,Hunter Goodman,COL,23,70,77,14,6,4,3,1,6,17,5,0,24,0,2,0,2,1,0,.200,2023
516,515,Jesse Winker,MIL,61,166,197,33,27,5,0,1,16,23,26,0,51,4,1,0,0,0,0,.199,2023
517,516,Trent Grisham,SDP,153,469,555,93,48,31,1,13,67,50,75,0,154,5,1,4,7,15,3,.198,2023
518,517,Alika Williams,PIT,46,101,112,20,15,5,0,0,7,6,9,0,35,1,0,1,2,0,0,.198,2023
519,518,Chad Wallach,LAA,65,157,172,31,18,5,1,7,18,15,13,0,57,0,0,2,5,0,1,.197,2023
520,519,Jackson Frazier,CHW,33,66,76,13,11,1,1,0,10,3,10,0,23,0,0,0,0,4,2,.197,2023
521,520,Kyle Schwarber,PHI,160,585,720,115,48,19,1,47,108,104,126,5,215,6,3,0,4,0,2,.197,2023
522,521,Miguel Vargas,LAD,81,256,304,50,24,15,4,7,36,32,38,1,61,4,4,1,1,3,2,.195,2023
523,522,J.J. Bleday,OAK,82,256,303,50,29,11,0,10,35,27,42,0,72,2,3,0,3,5,1,.195,2023
524,523,Luis Urias,- - -,52,144,177,28,19,6,0,3,18,18,21,0,41,10,0,0,4,0,0,.194,2023
525,524,Brandon Crawford,SFG,94,283,320,55,36,11,1,7,31,38,28,1,81,4,4,1,5,3,0,.194,2023
526,525,Logan Porter,KCR,11,31,38,6,4,1,0,1,4,3,5,0,11,1,0,1,2,0,0,.194,2023
527,526,Romy Gonzalez,CHW,44,93,97,18,9,4,2,3,11,14,2,0,36,0,1,1,0,7,0,.194,2023
528,527,Nathan Lukes,TOR,29,26,31,5,3,1,1,0,4,2,4,0,9,0,1,0,1,0,0,.192,2023
529,528,Giancarlo Stanton,NYY,101,371,415,71,34,13,0,24,43,60,41,3,124,2,1,0,11,0,0,.191,2023
530,529,Jacob Stallings,MIA,89,241,276,46,29,14,0,3,22,20,27,0,67,3,2,3,9,0,0,.191,2023
531,530,Oswald Peraza,NYY,52,173,191,33,23,8,0,2,15,14,13,0,50,5,0,0,1,4,3,.191,2023
532,531,Martin Maldonado,HOU,117,362,407,69,42,12,0,15,33,36,30,0,139,3,0,12,10,0,0,.191,2023
533,532,Tommy La Stella,SEA,12,21,24,4,3,1,0,0,2,2,3,0,5,0,0,0,0,0,0,.190,2023
534,533,Andrew Stevenson,MIN,25,37,40,7,6,1,0,0,4,1,2,0,8,1,0,0,0,4,1,.189,2023
535,534,Wil Myers,CIN,37,127,141,24,18,3,0,3,11,12,12,0,48,0,1,1,3,2,1,.189,2023
536,535,Pavin Smith,ARI,69,191,228,36,24,5,0,7,26,30,35,0,45,1,0,0,3,1,1,.188,2023
537,536,Franchy Cordero,NYY,24,69,71,13,5,2,0,6,9,13,2,0,25,0,0,0,0,0,0,.188,2023
538,537,Franmil Reyes,KCR,19,59,65,11,9,0,0,2,5,7,4,0,24,0,2,0,3,0,0,.186,2023
539,538,Jared Young,CHC,16,43,47,8,3,0,3,2,8,8,3,0,13,1,0,0,1,2,0,.186,2023
540,539,Avisail Garcia,MIA,37,108,118,20,13,3,1,3,8,12,6,1,39,2,0,0,1,2,0,.185,2023
541,540,Kevin Smith,OAK,49,135,146,25,16,4,0,5,15,11,5,0,51,1,0,5,3,1,0,.185,2023
542,541,Danny Mendick,NYM,35,65,69,12,8,3,0,1,4,4,4,0,15,0,0,0,1,1,0,.185,2023
543,542,Josh Smith,TEX,90,195,232,36,21,8,1,6,29,15,25,0,55,9,1,2,3,1,0,.185,2023
544,543,Coco Montes,COL,18,38,41,7,4,2,0,1,3,3,2,0,12,1,0,0,0,0,0,.184,2023
545,544,Austin Hedges,- - -,82,185,212,34,28,5,0,1,14,16,11,0,47,2,3,10,7,1,0,.184,2023
546,545,Juan Yepez,STL,28,60,65,11,8,1,0,2,5,2,4,0,20,1,0,0,0,0,1,.183,2023
547,546,Kolten Wong,- - -,87,224,250,41,31,6,0,4,25,27,18,0,53,5,3,0,1,3,2,.183,2023
548,547,Hunter Dozier,KCR,29,82,91,15,10,2,1,2,8,9,8,0,29,0,1,0,0,2,0,.183,2023
549,548,Anthony Bemboom,BAL,6,11,13,2,2,0,0,0,0,0,2,0,2,0,0,0,0,0,0,.182,2023
550,549,Josh Lester,BAL,11,22,23,4,4,0,0,0,0,4,1,0,7,0,0,0,1,0,0,.182,2023
551,550,Peyton Burdick,MIA,14,33,37,6,3,2,0,1,4,2,3,0,18,1,0,0,0,1,0,.182,2023
552,551,Austin Barnes,LAD,59,178,200,32,25,5,0,2,15,11,17,0,43,2,2,1,7,2,1,.180,2023
553,552,Kyle Garlick,MIN,14,28,30,5,2,1,0,2,2,4,2,0,11,0,0,0,0,0,0,.179,2023
554,553,Heliot Ramos,SFG,25,56,60,10,5,4,0,1,5,2,4,0,20,0,0,0,1,0,0,.179,2023
555,554,Mike Zunino,CLE,42,124,140,22,12,7,0,3,11,11,15,0,61,1,0,0,3,0,0,.177,2023
556,555,Joey Gallo,MIN,111,282,332,50,19,9,1,21,39,40,48,1,142,2,0,0,3,1,1,.177,2023
557,556,Nick Gordon,MIN,34,91,93,16,8,5,1,2,13,7,1,0,11,0,0,1,1,0,0,.176,2023
558,557,Matt Carpenter,SDP,76,188,237,33,16,12,0,5,18,31,41,0,67,2,5,0,2,1,0,.176,2023
559,558,Curt Casali,CIN,40,80,96,14,12,2,0,0,8,6,11,0,23,2,0,3,1,0,0,.175,2023
560,559,Brett Wisely,SFG,51,120,131,21,14,5,0,2,10,8,9,0,40,0,1,1,2,2,1,.175,2023
561,560,Brett Phillips,LAA,40,63,71,11,7,1,0,3,9,6,8,0,36,0,0,0,0,3,1,.175,2023
562,561,Andrew Velazquez,LAA,54,81,94,14,9,3,0,2,12,3,10,0,30,0,0,3,1,13,3,.173,2023
563,562,Nick Maton,DET,93,249,293,43,26,9,0,8,29,32,38,1,73,3,2,1,4,1,2,.173,2023
564,563,Masyn Winn,STL,37,122,137,21,17,2,0,2,8,12,10,0,26,0,3,2,1,2,1,.172,2023
565,564,Seby Zavala,- - -,73,175,193,30,19,4,0,7,17,18,12,0,70,2,2,2,4,1,0,.171,2023
566,565,Blake Rutherford,WSN,16,35,36,6,6,0,0,0,4,2,1,0,10,0,0,0,1,0,0,.171,2023
567,566,Taylor Motter,STL,29,76,82,13,10,3,0,0,3,2,5,0,31,1,0,0,0,0,0,.171,2023
568,567,Vidal Brujan,TBR,37,76,84,13,11,2,0,0,14,6,5,0,21,2,0,1,1,3,2,.171,2023
569,568,T.J. Hopkins,CIN,25,41,44,7,7,0,0,0,7,1,2,0,17,1,0,0,1,1,0,.171,2023
570,569,Jonah Bride,OAK,40,88,106,15,12,3,0,0,9,7,11,0,22,4,2,1,3,0,1,.170,2023
571,570,Derek Hill,WSN,13,47,50,8,7,1,0,0,3,1,3,0,11,0,0,0,0,1,0,.170,2023
572,571,Bubba Thompson,TEX,37,53,60,9,4,4,1,0,10,4,4,0,16,1,1,1,0,4,2,.170,2023
573,572,Darick Hall,PHI,18,54,56,9,7,1,0,1,2,3,2,0,18,0,0,0,2,0,0,.167,2023
574,573,Dalton Guthrie,PHI,23,24,28,4,3,1,0,0,4,0,3,0,7,1,0,0,0,0,0,.167,2023
575,574,Buddy Kennedy,ARI,10,24,29,4,3,1,0,0,1,1,4,0,6,1,0,0,0,0,0,.167,2023
576,575,Tyler Cropley,KCR,2,6,7,1,1,0,0,0,0,1,0,0,2,0,1,0,0,0,0,.167,2023
577,576,Vinny Capra,PIT,9,18,21,3,2,1,0,0,3,1,2,0,5,0,0,1,0,0,0,.167,2023
578,577,Cam Eden,TOR,5,6,6,1,1,0,0,0,1,0,0,0,2,0,0,0,0,0,0,.167,2023
579,578,Michael Busch,LAD,27,72,81,12,7,3,0,2,9,7,8,0,27,0,1,0,0,1,0,.167,2023
580,579,Matt Mervis,CHC,27,90,99,15,10,2,0,3,8,11,8,0,32,1,0,0,1,0,0,.167,2023
581,580,A.J. Pollock,- - -,54,133,144,22,13,4,0,5,15,15,9,0,32,0,2,0,1,0,1,.165,2023
582,581,Jon Singleton,- - -,36,91,105,15,10,3,0,2,11,12,13,0,23,0,1,0,2,0,0,.165,2023
583,582,Ji-Man Choi,- - -,39,104,117,17,6,5,0,6,12,13,10,0,35,1,2,0,2,0,0,.163,2023
584,583,Trayce Thompson,- - -,72,153,179,25,17,2,0,6,17,17,24,0,77,2,0,0,1,2,0,.163,2023
585,584,Michael Toglia,COL,45,141,152,23,14,5,0,4,18,9,10,0,50,1,0,0,3,1,1,.163,2023
586,585,Bryce Johnson,SFG,30,43,48,7,5,1,0,1,7,3,4,0,15,0,1,0,0,3,0,.163,2023
587,586,Yu Chang,BOS,39,105,112,17,9,2,0,6,12,18,3,0,34,2,0,2,2,4,0,.162,2023
588,587,Jason Vosler,CIN,20,62,65,10,4,2,1,3,6,10,3,0,25,0,0,0,0,0,0,.161,2023
589,588,Travis Blankenhorn,WSN,10,31,37,5,4,0,0,1,2,1,6,0,6,0,0,0,0,0,0,.161,2023
590,589,Chris Owings,PIT,11,25,25,4,4,0,0,0,0,0,0,0,12,0,0,0,1,0,0,.160,2023
591,590,Tyler Soderstrom,OAK,45,125,138,20,16,1,0,3,9,7,11,0,43,1,1,0,6,0,0,.160,2023
592,591,Kyle Lewis,ARI,16,51,54,8,5,2,0,1,2,2,3,0,21,0,0,0,0,0,0,.157,2023
593,592,Taylor Kohlwey,SDP,5,13,13,2,2,0,0,0,0,0,0,0,5,0,0,0,0,0,0,.154,2023
594,593,Bligh Madris,HOU,12,26,30,4,3,1,0,0,4,0,4,0,7,0,0,0,0,0,0,.154,2023
595,594,Josh Donaldson,- - -,51,165,189,25,7,5,0,13,18,26,22,0,50,0,2,0,6,0,0,.152,2023
596,595,Everson Pereira,NYY,27,93,103,14,10,4,0,0,6,10,8,0,40,2,0,0,1,4,0,.151,2023
597,596,Sandy Leon,TEX,22,41,44,6,4,2,0,0,4,4,1,0,20,1,0,1,2,0,0,.146,2023
598,597,Austin Nola,SDP,52,130,154,19,15,3,0,1,9,8,18,0,31,2,0,4,5,0,0,.146,2023
599,598,Jorge Alfaro,- - -,18,48,52,7,2,4,0,1,2,4,2,0,15,2,0,0,3,0,0,.146,2023
600,599,David Villar,SFG,46,124,140,18,7,6,0,5,15,12,11,0,45,4,1,0,1,1,1,.145,2023
601,600,Jonathan Ornelas,TEX,8,7,8,1,1,0,0,0,2,0,0,0,4,1,0,0,0,0,0,.143,2023
602,601,Yonny Hernandez,LAD,14,22,27,3,2,1,0,0,5,4,2,0,8,1,1,1,0,0,0,.136,2023
603,602,Jonathan Arauz,NYM,27,59,66,8,5,0,0,3,3,9,5,0,18,0,0,2,1,0,0,.136,2023
604,603,Roberto Perez,SFG,5,15,17,2,2,0,0,0,0,1,2,0,6,0,0,0,0,0,0,.133,2023
605,604,Jackie Bradley Jr.,KCR,43,105,113,14,8,5,0,1,10,6,5,0,29,2,0,1,3,0,0,.133,2023
606,605,Brian Serven,COL,11,23,23,3,2,1,0,0,0,1,0,0,10,0,0,0,0,0,0,.130,2023
607,606,Taylor Trammell,SEA,22,46,56,6,3,0,0,3,7,11,9,0,22,1,0,0,2,0,1,.130,2023
608,607,Jordan Lawlar,ARI,14,31,34,4,4,0,0,0,2,0,2,0,11,1,0,0,0,1,1,.129,2023
609,608,Jordyn Adams,LAA,17,39,40,5,5,0,0,0,1,1,0,0,16,0,1,0,0,1,2,.128,2023
610,609,Cam Gallagher,CLE,56,143,149,18,12,6,0,0,6,7,4,0,46,1,1,0,3,0,0,.126,2023
611,610,Tomas Nido,NYM,22,56,61,7,7,0,0,0,5,1,2,0,18,0,1,2,2,0,0,.125,2023
612,611,Kevin Padlo,LAA,3,8,8,1,0,1,0,0,1,0,0,0,0,0,0,0,1,0,0,.125,2023
613,612,Chadwick Tromp,ATL,6,16,16,2,1,1,0,0,1,1,0,0,7,0,0,0,0,0,0,.125,2023
614,613,Jared Walsh,LAA,39,104,116,13,5,4,0,4,10,11,11,0,45,1,0,0,1,0,0,.125,2023
615,614,Canaan Smith-Njigba,PIT,15,32,37,4,2,1,1,0,3,5,4,0,16,0,1,0,1,1,0,.125,2023
616,615,David Hamilton,BOS,15,33,39,4,2,2,0,0,2,0,6,0,10,0,0,0,1,2,1,.121,2023
617,616,David Hensley,HOU,30,84,94,10,8,1,0,1,12,3,10,0,35,0,0,0,0,1,0,.119,2023
618,617,Ben Rortvedt,NYY,32,68,79,8,5,1,0,2,6,4,11,0,19,0,0,0,1,0,0,.118,2023
619,618,Colton Cowser,BAL,26,61,77,7,5,2,0,0,15,4,13,0,22,2,1,0,1,1,0,.115,2023
620,619,David Dahl,SDP,4,9,9,1,0,0,0,1,1,1,0,0,2,0,0,0,0,0,0,.111,2023
621,620,Cesar Salazar,HOU,13,18,19,2,2,0,0,0,1,0,1,0,6,0,0,0,1,0,0,.111,2023
622,621,Ryan Kreidler,DET,11,18,18,2,2,0,0,0,2,0,0,0,7,0,0,0,0,0,0,.111,2023
623,622,Brian O'Keefe,SEA,8,19,21,2,0,2,0,0,0,2,2,0,7,0,0,0,2,0,0,.105,2023
624,623,Juniel Querecuto,STL,9,20,21,2,1,1,0,0,2,0,1,0,6,0,0,0,0,0,0,.100,2023
625,624,Kyren Paris,LAA,15,40,46,4,4,0,0,0,4,1,4,0,17,1,0,1,0,3,0,.100,2023
626,625,Cooper Hummel,SEA,10,23,26,2,1,1,0,0,2,0,2,0,9,1,0,0,1,1,0,.087,2023
627,626,Korey Lee,CHW,24,65,70,5,3,1,0,1,4,3,5,0,20,0,0,0,0,0,0,.077,2023
628,627,Nate Eaton,KCR,28,53,56,4,4,0,0,0,2,1,2,0,21,1,0,0,0,3,0,.075,2023
629,628,Edwin Rios,CHC,18,28,34,2,0,1,0,1,3,2,5,0,16,1,0,0,0,0,0,.071,2023
630,629,Eli White,ATL,6,14,17,1,1,0,0,0,1,0,2,0,7,1,0,0,0,0,0,.071,2023
631,630,Abraham Almonte,NYM,8,15,16,1,0,1,0,0,1,0,1,0,8,0,0,0,0,0,0,.067,2023
632,631,Kyle Stowers,BAL,14,30,33,2,2,0,0,0,1,0,3,0,12,0,0,0,1,0,0,.067,2023
633,632,Luke Williams,- - -,11,19,19,1,1,0,0,0,1,0,0,0,7,0,0,0,0,4,0,.053,2023
634,633,Isan Diaz,- - -,8,24,26,1,1,0,0,0,0,1,2,0,9,0,0,0,0,0,0,.042,2023
635,634,Tommy Hunter,NYM,14,0,0,0,0,0,0,0,0,0,0,0,0,0,0,0,0,0,0,.000,2023
636,635,Matt Bush,MIL,12,0,0,0,0,0,0,0,0,0,0,0,0,0,0,0,0,0,0,.000,2023
637,636,Adam Ottavino,NYM,66,0,0,0,0,0,0,0,0,0,0,0,0,0,0,0,0,0,0,.000,2023
638,637,Matt Moore,- - -,50,0,0,0,0,0,0,0,0,0,0,0,0,0,0,0,0,0,0,.000,2023
639,638,Zack Greinke,KCR,30,0,0,0,0,0,0,0,0,0,0,0,0,0,0,0,0,0,0,.000,2023
640,639,Clayton Kershaw,LAD,24,0,0,0,0,0,0,0,0,0,0,0,0,0,0,0,0,0,0,.000,2023
641,640,Adam Wainwright,STL,23,2,2,0,0,0,0,0,0,0,0,0,1,0,0,0,0,0,0,.000,2023
642,641,Corey Kluber,BOS,15,0,0,0,0,0,0,0,0,0,0,0,0,0,0,0,0,0,0,.000,2023
643,642,Lance Lynn,- - -,32,0,0,0,0,0,0,0,0,0,0,0,0,0,0,0,0,0,0,.000,2023
644,643,Zach McAllister,NYY,7,0,0,0,0,0,0,0,0,0,0,0,0,0,0,0,0,0,0,.000,2023
645,644,Kenley Jansen,BOS,51,0,0,0,0,0,0,0,0,0,0,0,0,0,0,0,0,0,0,.000,2023
646,645,Max Scherzer,- - -,27,0,0,0,0,0,0,0,0,0,0,0,0,0,0,0,0,0,0,.000,2023
647,646,T.J. McFarland,NYM,3,0,0,0,0,0,0,0,0,0,0,0,0,0,0,0,0,0,0,.000,2023
648,647,Liam Hendriks,CHW,5,0,0,0,0,0,0,0,0,0,0,0,0,0,0,0,0,0,0,.000,2023
649,648,Charlie Morton,ATL,30,0,0,0,0,0,0,0,0,0,0,0,0,0,0,0,0,0,0,.000,2023
650,649,Rich Hill,- - -,32,0,0,0,0,0,0,0,0,0,0,0,0,0,0,0,0,0,0,.000,2023
651,650,Fernando Abad,COL,6,0,0,0,0,0,0,0,0,0,0,0,0,0,0,0,0,0,0,.000,2023
652,651,Jake Diekman,- - -,63,0,0,0,0,0,0,0,0,0,0,0,0,0,0,0,0,0,0,.000,2023
653,652,Jeurys Familia,OAK,14,0,0,0,0,0,0,0,0,0,0,0,0,0,0,0,0,0,0,.000,2023
654,653,Jesse Chavez,ATL,36,0,0,0,0,0,0,0,0,0,0,0,0,0,0,0,0,0,0,.000,2023
655,654,Madison Bumgarner,ARI,4,0,0,0,0,0,0,0,0,0,0,0,0,0,0,0,0,0,0,.000,2023
656,655,Ryan Brasier,- - -,59,0,0,0,0,0,0,0,0,0,0,0,0,0,0,0,0,0,0,.000,2023
657,656,Huascar Brazoban,MIA,50,0,0,0,0,0,0,0,0,0,0,0,0,0,0,0,0,0,0,.000,2023
658,657,Trevor May,OAK,49,0,0,0,0,0,0,0,0,0,0,0,0,0,0,0,0,0,0,.000,2023
659,658,Jose Cisnero,DET,63,0,0,0,0,0,0,0,0,0,0,0,0,0,0,0,0,0,0,.000,2023
660,659,Alex Cobb,SFG,28,0,0,0,0,0,0,0,0,0,0,0,0,0,0,0,0,0,0,.000,2023
661,660,Carlos Carrasco,NYM,20,0,0,0,0,0,0,0,0,0,0,0,0,0,0,0,0,0,0,.000,2023
662,661,Craig Kimbrel,PHI,71,0,0,0,0,0,0,0,0,0,0,0,0,0,0,0,0,0,0,.000,2023
663,662,Alex Colome,CHW,4,0,0,0,0,0,0,0,0,0,0,0,0,0,0,0,0,0,0,.000,2023
664,663,Julio Teheran,MIL,14,0,0,0,0,0,0,0,0,0,0,0,0,0,0,0,0,0,0,.000,2023
665,664,Johnny Cueto,MIA,13,0,0,0,0,0,0,0,0,0,0,0,0,0,0,0,0,0,0,.000,2023
666,665,Chase Anderson,- - -,19,0,0,0,0,0,0,0,0,0,0,0,0,0,0,0,0,0,0,.000,2023
667,666,Martin Perez,TEX,35,0,0,0,0,0,0,0,0,0,0,0,0,0,0,0,0,0,0,.000,2023
668,667,Luis Garcia,SDP,61,0,0,0,0,0,0,0,0,0,0,0,0,0,0,0,0,0,0,.000,2023
669,668,Ian Kennedy,TEX,16,0,0,0,0,0,0,0,0,0,0,0,0,0,0,0,0,0,0,.000,2023
670,669,Ryan Pressly,HOU,65,0,0,0,0,0,0,0,0,0,0,0,0,0,0,0,0,0,0,.000,2023
671,670,Fernando Cruz,CIN,58,0,0,0,0,0,0,0,0,0,0,0,0,0,0,0,0,0,0,.000,2023
672,671,Daniel Bard,COL,50,0,0,0,0,0,0,0,0,0,0,0,0,0,0,0,0,0,0,.000,2023
673,672,Daniel Hudson,LAD,3,0,0,0,0,0,0,0,0,0,0,0,0,0,0,0,0,0,0,.000,2023
674,673,Jay Jackson,TOR,25,0,0,0,0,0,0,0,0,0,0,0,0,0,0,0,0,0,0,.000,2023
675,674,Collin McHugh,ATL,41,0,0,0,0,0,0,0,0,0,0,0,0,0,0,0,0,0,0,.000,2023
676,675,Jordan Lyles,KCR,31,0,0,0,0,0,0,0,0,0,0,0,0,0,0,0,0,0,0,.000,2023
677,676,Tommy Milone,SEA,2,0,0,0,0,0,0,0,0,0,0,0,0,0,0,0,0,0,0,.000,2023
678,677,Richard Bleier,BOS,27,0,0,0,0,0,0,0,0,0,0,0,0,0,0,0,0,0,0,.000,2023
679,678,Anthony Bass,TOR,22,0,0,0,0,0,0,0,0,0,0,0,0,0,0,0,0,0,0,.000,2023
680,679,Will Smith,TEX,60,0,0,0,0,0,0,0,0,0,0,0,0,0,0,0,0,0,0,.000,2023
681,680,Bryan Shaw,CHW,38,0,0,0,0,0,0,0,0,0,0,0,0,0,0,0,0,0,0,.000,2023
682,681,David Robertson,- - -,62,0,0,0,0,0,0,0,0,0,0,0,0,0,0,0,0,0,0,.000,2023
683,682,Paolo Espino,WSN,3,0,0,0,0,0,0,0,0,0,0,0,0,0,0,0,0,0,0,.000,2023
684,683,Lucas Luetge,ATL,12,0,0,0,0,0,0,0,0,0,0,0,0,0,0,0,0,0,0,.000,2023
685,684,Ehire Adrianza,ATL,5,10,11,0,0,0,0,0,0,0,1,0,4,0,0,0,0,0,0,.000,2023
686,685,Justin Verlander,- - -,27,0,0,0,0,0,0,0,0,0,0,0,0,0,0,0,0,0,0,.000,2023
687,686,Wade Miley,MIL,23,0,0,0,0,0,0,0,0,0,0,0,0,0,0,0,0,0,0,.000,2023
688,687,Kirby Yates,ATL,61,0,0,0,0,0,0,0,0,0,0,0,0,0,0,0,0,0,0,.000,2023
689,688,Brad Hand,- - -,60,0,0,0,0,0,0,0,0,0,0,0,0,0,0,0,0,0,0,.000,2023
690,689,Nathan Eovaldi,TEX,25,0,0,0,0,0,0,0,0,0,0,0,0,0,0,0,0,0,0,.000,2023
691,690,Patrick Corbin,WSN,32,0,0,0,0,0,0,0,0,0,0,0,0,0,0,0,0,0,0,.000,2023
692,691,Dallas Keuchel,MIN,10,0,0,0,0,0,0,0,0,0,0,0,0,0,0,0,0,0,0,.000,2023
693,692,Joe Kelly,- - -,42,0,0,0,0,0,0,0,0,0,0,0,0,0,0,0,0,0,0,.000,2023
694,693,Miles Mikolas,STL,35,0,0,0,0,0,0,0,0,0,0,0,0,0,0,0,0,0,0,.000,2023
695,694,Brooks Raley,NYM,66,0,0,0,0,0,0,0,0,0,0,0,0,0,0,0,0,0,0,.000,2023
696,695,Caleb Thielbar,MIN,36,0,0,0,0,0,0,0,0,0,0,0,0,0,0,0,0,0,0,.000,2023
697,696,Kyle Gibson,BAL,33,0,0,0,0,0,0,0,0,0,0,0,0,0,0,0,0,0,0,.000,2023
698,697,Brad Boxberger,CHC,22,0,0,0,0,0,0,0,0,0,0,0,0,0,0,0,0,0,0,.000,2023
699,698,Ryan Weber,NYY,8,0,0,0,0,0,0,0,0,0,0,0,0,0,0,0,0,0,0,.000,2023
700,699,Shelby Miller,LAD,36,1,1,0,0,0,0,0,0,0,0,0,0,0,0,0,0,0,0,.000,2023
701,700,Billy Hamilton,CHW,3,2,2,0,0,0,0,0,2,0,0,0,1,0,0,0,0,2,0,.000,2023
702,701,Aroldis Chapman,- - -,61,0,0,0,0,0,0,0,0,0,0,0,0,0,0,0,0,0,0,.000,2023
703,702,Ryan Tepera,- - -,12,0,0,0,0,0,0,0,0,0,0,0,0,0,0,0,0,0,0,.000,2023
704,703,Zack Wheeler,PHI,32,0,0,0,0,0,0,0,0,0,0,0,0,0,0,0,0,0,0,.000,2023
705,704,Erasmo Ramirez,- - -,38,0,0,0,0,0,0,0,0,0,0,0,0,0,0,0,0,0,0,.000,2023
706,705,Michael Tonkin,ATL,45,0,0,0,0,0,0,0,0,0,0,0,0,0,0,0,0,0,0,.000,2023
707,706,Aaron Loup,LAA,55,0,0,0,0,0,0,0,0,0,0,0,0,0,0,0,0,0,0,.000,2023
708,707,Mychal Givens,BAL,6,0,0,0,0,0,0,0,0,0,0,0,0,0,0,0,0,0,0,.000,2023
709,708,Scott Alexander,SFG,55,0,0,0,0,0,0,0,0,0,0,0,0,0,0,0,0,0,0,.000,2023
710,709,Chris Sale,BOS,20,0,0,0,0,0,0,0,0,0,0,0,0,0,0,0,0,0,0,.000,2023
711,710,Andrew Bellatti,PHI,27,0,0,0,0,0,0,0,0,0,0,0,0,0,0,0,0,0,0,.000,2023
712,711,Shane Greene,CHC,2,0,0,0,0,0,0,0,0,0,0,0,0,0,0,0,0,0,0,.000,2023
713,712,Michael Mariot,CIN,1,0,0,0,0,0,0,0,0,0,0,0,0,0,0,0,0,0,0,.000,2023
714,713,Adam Kolarek,- - -,5,0,0,0,0,0,0,0,0,0,0,0,0,0,0,0,0,0,0,.000,2023
715,714,Chasen Shreve,- - -,50,0,0,0,0,0,0,0,0,0,0,0,0,0,0,0,0,0,0,.000,2023
716,715,Jacob deGrom,TEX,6,0,0,0,0,0,0,0,0,0,0,0,0,0,0,0,0,0,0,.000,2023
717,716,Casey Lawrence,STL,15,0,0,0,0,0,0,0,0,0,0,0,0,0,0,0,0,0,0,.000,2023
718,717,Merrill Kelly,ARI,30,0,0,0,0,0,0,0,0,0,0,0,0,0,0,0,0,0,0,.000,2023
719,718,Vince Velasquez,PIT,8,0,0,0,0,0,0,0,0,0,0,0,0,0,0,0,0,0,0,.000,2023
720,719,Zach Neal,OAK,14,0,0,0,0,0,0,0,0,0,0,0,0,0,0,0,0,0,0,.000,2023
721,720,Sean Nolin,MIA,1,0,0,0,0,0,0,0,0,0,0,0,0,0,0,0,0,0,0,.000,2023
722,721,Tommy Kahnle,NYY,42,0,0,0,0,0,0,0,0,0,0,0,0,0,0,0,0,0,0,.000,2023
723,722,Jose Quintana,NYM,13,0,0,0,0,0,0,0,0,0,0,0,0,0,0,0,0,0,0,.000,2023
724,723,Robbie Ray,SEA,1,0,0,0,0,0,0,0,0,0,0,0,0,0,0,0,0,0,0,.000,2023
725,724,Joely Rodriguez,BOS,11,0,0,0,0,0,0,0,0,0,0,0,0,0,0,0,0,0,0,.000,2023
726,725,Jose Urena,- - -,10,0,0,0,0,0,0,0,0,0,0,0,0,0,0,0,0,0,0,.000,2023
727,726,Heath Hembree,TBR,1,0,0,0,0,0,0,0,0,0,0,0,0,0,0,0,0,0,0,.000,2023
728,727,Jameson Taillon,CHC,30,0,0,0,0,0,0,0,0,0,0,0,0,0,0,0,0,0,0,.000,2023
729,728,Luke Jackson,SFG,33,0,0,0,0,0,0,0,0,0,0,0,0,0,0,0,0,0,0,.000,2023
730,729,Drew Smyly,CHC,41,0,0,0,0,0,0,0,0,0,0,0,0,0,0,0,0,0,0,.000,2023
731,730,Noah Syndergaard,- - -,18,0,0,0,0,0,0,0,0,0,0,0,0,0,0,0,0,0,0,.000,2023
732,731,Hector Neris,HOU,71,0,0,0,0,0,0,0,0,0,0,0,0,0,0,0,0,0,0,.000,2023
733,732,James Paxton,BOS,19,0,0,0,0,0,0,0,0,0,0,0,0,0,0,0,0,0,0,.000,2023
734,733,Taijuan Walker,PHI,31,0,0,0,0,0,0,0,0,0,0,0,0,0,0,0,0,0,0,.000,2023
735,734,Chris Martin,BOS,55,0,0,0,0,0,0,0,0,0,0,0,0,0,0,0,0,0,0,.000,2023
736,735,Jason Adam,TBR,56,0,0,0,0,0,0,0,0,0,0,0,0,0,0,0,0,0,0,.000,2023
737,736,Kyle Hendricks,CHC,24,0,0,0,0,0,0,0,0,0,0,0,0,0,0,0,0,0,0,.000,2023
738,737,Scott McGough,ARI,63,0,0,0,0,0,0,0,0,0,0,0,0,0,0,0,0,0,0,.000,2023
739,738,Yimi Garcia,TOR,73,0,0,0,0,0,0,0,0,0,0,0,0,0,0,0,0,0,0,.000,2023
740,739,Domingo Tapia,SDP,15,0,0,0,0,0,0,0,0,0,0,0,0,0,0,0,0,0,0,.000,2023
741,740,Ryan Sherriff,BOS,5,0,0,0,0,0,0,0,0,0,0,0,0,0,0,0,0,0,0,.000,2023
742,741,Chris Bassitt,TOR,33,0,0,0,0,0,0,0,0,0,0,0,0,0,0,0,0,0,0,.000,2023
743,742,Colin Rea,MIL,26,0,0,0,0,0,0,0,0,0,0,0,0,0,0,0,0,0,0,.000,2023
744,743,Jacob Barnes,STL,13,0,0,0,0,0,0,0,0,0,0,0,0,0,0,0,0,0,0,.000,2023
745,744,Spencer Patton,OAK,12,0,0,0,0,0,0,0,0,0,0,0,0,0,0,0,0,0,0,.000,2023
746,745,Seth Lugo,SDP,26,0,0,0,0,0,0,0,0,0,0,0,0,0,0,0,0,0,0,.000,2023
747,746,Drew Rucinski,OAK,4,0,0,0,0,0,0,0,0,0,0,0,0,0,0,0,0,0,0,.000,2023
748,747,Nick Ramirez,NYY,32,0,0,0,0,0,0,0,0,0,0,0,0,0,0,0,0,0,0,.000,2023
749,748,Adrian Houser,MIL,23,0,0,0,0,0,0,0,0,0,0,0,0,0,0,0,0,0,0,.000,2023
750,749,Nick Martinez,SDP,63,0,0,0,0,0,0,0,0,0,0,0,0,0,0,0,0,0,0,.000,2023
751,750,Rafael Montero,HOU,68,0,0,0,0,0,0,0,0,0,0,0,0,0,0,0,0,0,0,.000,2023
752,751,Chris Devenski,- - -,38,0,0,0,0,0,0,0,0,0,0,0,0,0,0,0,0,0,0,.000,2023
753,752,Sonny Gray,MIN,32,0,0,0,0,0,0,0,0,0,0,0,0,0,0,0,0,0,0,.000,2023
754,753,John Brebbia,SFG,40,0,0,0,0,0,0,0,0,0,0,0,0,0,0,0,0,0,0,.000,2023
755,754,Michael Kelly,CLE,14,0,0,0,0,0,0,0,0,0,0,0,0,0,0,0,0,0,0,.000,2023
756,755,Mike Clevinger,CHW,24,0,0,0,0,0,0,0,0,0,0,0,0,0,0,0,0,0,0,.000,2023
757,756,Andrew Kittredge,TBR,14,0,0,0,0,0,0,0,0,0,0,0,0,0,0,0,0,0,0,.000,2023
758,757,Shawn Armstrong,TBR,39,0,0,0,0,0,0,0,0,0,0,0,0,0,0,0,0,0,0,.000,2023
759,758,Matt Barnes,MIA,24,0,0,0,0,0,0,0,0,0,0,0,0,0,0,0,0,0,0,.000,2023
760,759,Tyler Anderson,LAA,27,0,0,0,0,0,0,0,0,0,0,0,0,0,0,0,0,0,0,.000,2023
761,760,Alex Claudio,MIL,1,0,0,0,0,0,0,0,0,0,0,0,0,0,0,0,0,0,0,.000,2023
762,761,Archie Bradley,MIA,4,0,0,0,0,0,0,0,0,0,0,0,0,0,0,0,0,0,0,.000,2023
763,762,Joe Musgrove,SDP,17,0,0,0,0,0,0,0,0,0,0,0,0,0,0,0,0,0,0,.000,2023
764,763,Andrew Chafin,- - -,63,0,0,0,0,0,0,0,0,0,0,0,0,0,0,0,0,0,0,.000,2023
765,764,Colten Brewer,NYY,3,0,0,0,0,0,0,0,0,0,0,0,0,0,0,0,0,0,0,.000,2023
766,765,Anthony DeSclafani,SFG,19,0,0,0,0,0,0,0,0,0,0,0,0,0,0,0,0,0,0,.000,2023
767,766,Yu Darvish,SDP,24,0,0,0,0,0,0,0,0,0,0,0,0,0,0,0,0,0,0,.000,2023
768,767,Gerrit Cole,NYY,33,0,0,0,0,0,0,0,0,0,0,0,0,0,0,0,0,0,0,.000,2023
769,768,Derek Law,CIN,54,0,0,0,0,0,0,0,0,0,0,0,0,0,0,0,0,0,0,.000,2023
770,769,Eduardo Rodriguez,DET,26,0,0,0,0,0,0,0,0,0,0,0,0,0,0,0,0,0,0,.000,2023
771,770,Zach Davies,ARI,18,0,0,0,0,0,0,0,0,0,0,0,0,0,0,0,0,0,0,.000,2023
772,771,Jordan Weems,WSN,51,0,0,0,0,0,0,0,0,0,0,0,0,0,0,0,0,0,0,.000,2023
773,772,Michael Fulmer,CHC,58,1,1,0,0,0,0,0,0,0,0,0,1,0,0,0,0,0,0,.000,2023
774,773,Ross Stripling,SFG,22,0,0,0,0,0,0,0,0,0,0,0,0,0,0,0,0,0,0,.000,2023
775,774,Matt Carasiti,COL,16,0,0,0,0,0,0,0,0,0,0,0,0,0,0,0,0,0,0,.000,2023
776,775,Danny Coulombe,BAL,61,0,0,0,0,0,0,0,0,0,0,0,0,0,0,0,0,0,0,.000,2023
777,776,Luis Cessa,CIN,7,0,0,0,0,0,0,0,0,0,0,0,0,0,0,0,0,0,0,.000,2023
778,777,Hoby Milner,MIL,73,0,0,0,0,0,0,0,0,0,0,0,0,0,0,0,0,0,0,.000,2023
779,778,Tyler Naquin,CHW,5,8,8,0,0,0,0,0,0,0,0,0,7,0,0,0,0,0,0,.000,2023
780,779,Steven Matz,STL,25,0,0,0,0,0,0,0,0,0,0,0,0,0,0,0,0,0,0,.000,2023
781,780,Dylan Floro,- - -,62,0,0,0,0,0,0,0,0,0,0,0,0,0,0,0,0,0,0,.000,2023
782,781,Matt Koch,COL,39,0,0,0,0,0,0,0,0,0,0,0,0,0,0,0,0,0,0,.000,2023
783,782,Drew VerHagen,STL,60,0,0,0,0,0,0,0,0,0,0,0,0,0,0,0,0,0,0,.000,2023
784,783,Marcus Stroman,CHC,27,0,0,0,0,0,0,0,0,0,0,0,0,0,0,0,0,0,0,.000,2023
785,784,Pierce Johnson,- - -,67,0,0,0,0,0,0,0,0,0,0,0,0,0,0,0,0,0,0,.000,2023
786,785,Taylor Rogers,SFG,60,0,0,0,0,0,0,0,0,0,0,0,0,0,0,0,0,0,0,.000,2023
787,786,Lucas Sims,CIN,67,0,0,0,0,0,0,0,0,0,0,0,0,0,0,0,0,0,0,.000,2023
788,787,Daniel Norris,CLE,7,0,0,0,0,0,0,0,0,0,0,0,0,0,0,0,0,0,0,.000,2023
789,788,Matt Bowman,NYY,3,0,0,0,0,0,0,0,0,0,0,0,0,0,0,0,0,0,0,.000,2023
790,789,Blake Snell,SDP,32,0,0,0,0,0,0,0,0,0,0,0,0,0,0,0,0,0,0,.000,2023
791,790,Steven Okert,MIA,64,0,0,0,0,0,0,0,0,0,0,0,0,0,0,0,0,0,0,.000,2023
792,791,Robert Stephenson,- - -,60,0,0,0,0,0,0,0,0,0,0,0,0,0,0,0,0,0,0,.000,2023
793,792,Carl Edwards Jr.,WSN,32,0,0,0,0,0,0,0,0,0,0,0,0,0,0,0,0,0,0,.000,2023
794,793,Jakob Junis,SFG,40,0,0,0,0,0,0,0,0,0,0,0,0,0,0,0,0,0,0,.000,2023
795,794,Clay Holmes,NYY,66,0,0,0,0,0,0,0,0,0,0,0,0,0,0,0,0,0,0,.000,2023
796,795,Tayler Scott,- - -,18,0,0,0,0,0,0,0,0,0,0,0,0,0,0,0,0,0,0,.000,2023
797,796,Jake Faria,BOS,1,0,0,0,0,0,0,0,0,0,0,0,0,0,0,0,0,0,0,.000,2023
798,797,Joey Krehbiel,BAL,6,0,0,0,0,0,0,0,0,0,0,0,0,0,0,0,0,0,0,.000,2023
799,798,Kyle Barraclough,BOS,3,0,0,0,0,0,0,0,0,0,0,0,0,0,0,0,0,0,0,.000,2023
800,799,Max Fried,ATL,14,0,0,0,0,0,0,0,0,0,0,0,0,0,0,0,0,0,0,.000,2023
801,800,Tyler Duffey,CHC,1,0,0,0,0,0,0,0,0,0,0,0,0,0,0,0,0,0,0,.000,2023
802,801,Chris Stratton,- - -,64,0,0,0,0,0,0,0,0,0,0,0,0,0,0,0,0,0,0,.000,2023
803,802,Dominic Leone,- - -,51,0,0,0,0,0,0,0,0,0,0,0,0,0,0,0,0,0,0,.000,2023
804,803,JT Chargois,MIA,46,0,0,0,0,0,0,0,0,0,0,0,0,0,0,0,0,0,0,.000,2023
805,804,Zach Eflin,TBR,31,0,0,0,0,0,0,0,0,0,0,0,0,0,0,0,0,0,0,.000,2023
806,805,Alex Wood,SFG,29,0,0,0,0,0,0,0,0,0,0,0,0,0,0,0,0,0,0,.000,2023
807,806,Matt Strahm,PHI,56,0,0,0,0,0,0,0,0,0,0,0,0,0,0,0,0,0,0,.000,2023
808,807,Austin Adams,ARI,24,0,0,0,0,0,0,0,0,0,0,0,0,0,0,0,0,0,0,.000,2023
809,808,Alec Mills,CIN,1,0,0,0,0,0,0,0,0,0,0,0,0,0,0,0,0,0,0,.000,2023
810,809,Paul Sewald,- - -,65,0,0,0,0,0,0,0,0,0,0,0,0,0,0,0,0,0,0,.000,2023
811,810,Chris Flexen,- - -,29,0,0,0,0,0,0,0,0,0,0,0,0,0,0,0,0,0,0,.000,2023
812,811,Brent Suter,COL,57,0,0,0,0,0,0,0,0,0,0,0,0,0,0,0,0,0,0,.000,2023
813,812,Michael Wacha,SDP,24,0,0,0,0,0,0,0,0,0,0,0,0,0,0,0,0,0,0,.000,2023
814,813,Kevin Gausman,TOR,31,0,0,0,0,0,0,0,0,0,0,0,0,0,0,0,0,0,0,.000,2023
815,814,Jose Berrios,TOR,32,0,0,0,0,0,0,0,0,0,0,0,0,0,0,0,0,0,0,.000,2023
816,815,Josh Hader,SDP,61,0,0,0,0,0,0,0,0,0,0,0,0,0,0,0,0,0,0,.000,2023
817,816,Wandy Peralta,NYY,63,0,0,0,0,0,0,0,0,0,0,0,0,0,0,0,0,0,0,.000,2023
818,817,Frankie Montas,NYY,1,0,0,0,0,0,0,0,0,0,0,0,0,0,0,0,0,0,0,.000,2023
819,818,Joel Payamps,MIL,69,0,0,0,0,0,0,0,0,0,0,0,0,0,0,0,0,0,0,.000,2023
820,819,Ty Blach,COL,20,0,0,0,0,0,0,0,0,0,0,0,0,0,0,0,0,0,0,.000,2023
821,820,Tyler Glasnow,TBR,21,0,0,0,0,0,0,0,0,0,0,0,0,0,0,0,0,0,0,.000,2023
822,821,Amir Garrett,KCR,27,0,0,0,0,0,0,0,0,0,0,0,0,0,0,0,0,0,0,.000,2023
823,822,Yunior Marte,PHI,40,0,0,0,0,0,0,0,0,0,0,0,0,0,0,0,0,0,0,.000,2023
824,823,Jackson Stephens,ATL,5,0,0,0,0,0,0,0,0,0,0,0,0,0,0,0,0,0,0,.000,2023
825,824,Hyun-Jin Ryu,TOR,11,0,0,0,0,0,0,0,0,0,0,0,0,0,0,0,0,0,0,.000,2023
826,825,Dereck Rodriguez,- - -,4,0,0,0,0,0,0,0,0,0,0,0,0,0,0,0,0,0,0,.000,2023
827,826,Thyago Vieira,MIL,2,0,0,0,0,0,0,0,0,0,0,0,0,0,0,0,0,0,0,.000,2023
828,827,Jose Leclerc,TEX,57,0,0,0,0,0,0,0,0,0,0,0,0,0,0,0,0,0,0,.000,2023
829,828,Jorge Lopez,- - -,61,0,0,0,0,0,0,0,0,0,0,0,0,0,0,0,0,0,0,.000,2023
830,829,Carlos Estevez,LAA,63,0,0,0,0,0,0,0,0,0,0,0,0,0,0,0,0,0,0,.000,2023
831,830,Jose Ruiz,- - -,38,0,0,0,0,0,0,0,0,0,0,0,0,0,0,0,0,0,0,.000,2023
832,831,Chi Chi Gonzalez,MIA,3,0,0,0,0,0,0,0,0,0,0,0,0,0,0,0,0,0,0,.000,2023
833,832,Duane Underwood Jr.,PIT,20,0,0,0,0,0,0,0,0,0,0,0,0,0,0,0,0,0,0,.000,2023
834,833,Andres Machado,WSN,44,0,0,0,0,0,0,0,0,0,0,0,0,0,0,0,0,0,0,.000,2023
835,834,Anthony Banda,WSN,10,0,0,0,0,0,0,0,0,0,0,0,0,0,0,0,0,0,0,.000,2023
836,835,Paul Blackburn,OAK,21,0,0,0,0,0,0,0,0,0,0,0,0,0,0,0,0,0,0,.000,2023
837,836,Wes Parsons,TOR,1,0,0,0,0,0,0,0,0,0,0,0,0,0,0,0,0,0,0,.000,2023
838,837,Julio Urias,LAD,21,0,0,0,0,0,0,0,0,0,0,0,0,0,0,0,0,0,0,.000,2023
839,838,Emilio Pagan,MIN,66,0,0,0,0,0,0,0,0,0,0,0,0,0,0,0,0,0,0,.000,2023
840,839,Buck Farmer,CIN,71,0,0,0,0,0,0,0,0,0,0,0,0,0,0,0,0,0,0,.000,2023
841,840,Dylan Covey,- - -,29,0,0,0,0,0,0,0,0,0,0,0,0,0,0,0,0,0,0,.000,2023
842,841,Michael Lorenzen,- - -,29,0,0,0,0,0,0,0,0,0,0,0,0,0,0,0,0,0,0,.000,2023
843,842,Matt Dermody,BOS,1,0,0,0,0,0,0,0,0,0,0,0,0,0,0,0,0,0,0,.000,2023
844,843,Joe Mantiply,ARI,35,0,0,0,0,0,0,0,0,0,0,0,0,0,0,0,0,0,0,.000,2023
845,844,Sam Moll,- - -,70,0,0,0,0,0,0,0,0,0,0,0,0,0,0,0,0,0,0,.000,2023
846,845,Jon Gray,TEX,29,0,0,0,0,0,0,0,0,0,0,0,0,0,0,0,0,0,0,.000,2023
847,846,Ben Lively,CIN,19,0,0,0,0,0,0,0,0,0,0,0,0,0,0,0,0,0,0,.000,2023
848,847,Reyes Moronta,LAA,2,0,0,0,0,0,0,0,0,0,0,0,0,0,0,0,0,0,0,.000,2023
849,848,Chad Kuhl,WSN,16,0,0,0,0,0,0,0,0,0,0,0,0,0,0,0,0,0,0,.000,2023
850,849,Giovanny Gallegos,STL,56,0,0,0,0,0,0,0,0,0,0,0,0,0,0,0,0,0,0,.000,2023
851,850,Scott Barlow,- - -,63,0,0,0,0,0,0,0,0,0,0,0,0,0,0,0,0,0,0,.000,2023
852,851,Yacksel Rios,OAK,3,0,0,0,0,0,0,0,0,0,0,0,0,0,0,0,0,0,0,.000,2023
853,852,Kyle Finnegan,WSN,67,0,0,0,0,0,0,0,0,0,0,0,0,0,0,0,0,0,0,.000,2023
854,853,Chase De Jong,PIT,6,0,0,0,0,0,0,0,0,0,0,0,0,0,0,0,0,0,0,.000,2023
855,854,German Marquez,COL,4,0,0,0,0,0,0,0,0,0,0,0,0,0,0,0,0,0,0,.000,2023
856,855,Tim Mayza,TOR,69,0,0,0,0,0,0,0,0,0,0,0,0,0,0,0,0,0,0,.000,2023
857,856,Trevor Gott,- - -,64,0,0,0,0,0,0,0,0,0,0,0,0,0,0,0,0,0,0,.000,2023
858,857,Austin Voth,BAL,25,0,0,0,0,0,0,0,0,0,0,0,0,0,0,0,0,0,0,.000,2023
859,858,Silvino Bracho,CIN,5,0,0,0,0,0,0,0,0,0,0,0,0,0,0,0,0,0,0,.000,2023
860,859,Yency Almonte,LAD,49,0,0,0,0,0,0,0,0,0,0,0,0,0,0,0,0,0,0,.000,2023
861,860,Adam Engel,SDP,5,6,6,0,0,0,0,0,0,0,0,0,2,0,0,0,0,0,1,.000,2023
862,861,Rob Zastryzny,PIT,21,0,0,0,0,0,0,0,0,0,0,0,0,0,0,0,0,0,0,.000,2023
863,862,Ben Heller,ATL,19,0,0,0,0,0,0,0,0,0,0,0,0,0,0,0,0,0,0,.000,2023
864,863,Justin Topa,SEA,75,0,0,0,0,0,0,0,0,0,0,0,0,0,0,0,0,0,0,.000,2023
865,864,Jimmy Yacabonis,NYM,7,0,0,0,0,0,0,0,0,0,0,0,0,0,0,0,0,0,0,.000,2023
866,865,Alan Busenitz,CIN,6,0,0,0,0,0,0,0,0,0,0,0,0,0,0,0,0,0,0,.000,2023
867,866,Cole Sulser,ARI,4,0,0,0,0,0,0,0,0,0,0,0,0,0,0,0,0,0,0,.000,2023
868,867,Keynan Middleton,- - -,51,0,0,0,0,0,0,0,0,0,0,0,0,0,0,0,0,0,0,.000,2023
869,868,Adam Cimber,TOR,22,0,0,0,0,0,0,0,0,0,0,0,0,0,0,0,0,0,0,.000,2023
870,869,Austin Pruitt,OAK,38,0,0,0,0,0,0,0,0,0,0,0,0,0,0,0,0,0,0,.000,2023
871,870,Kevin Herget,CIN,14,0,0,0,0,0,0,0,0,0,0,0,0,0,0,0,0,0,0,.000,2023
872,871,Andrew Heaney,TEX,34,0,0,0,0,0,0,0,0,0,0,0,0,0,0,0,0,0,0,.000,2023
873,872,Matthew Boyd,DET,15,0,0,0,0,0,0,0,0,0,0,0,0,0,0,0,0,0,0,.000,2023
874,873,Zack Weiss,- - -,12,0,0,0,0,0,0,0,0,0,0,0,0,0,0,0,0,0,0,.000,2023
875,874,Mike Mayers,KCR,6,0,0,0,0,0,0,0,0,0,0,0,0,0,0,0,0,0,0,.000,2023
876,875,Nick Pivetta,BOS,38,0,0,0,0,0,0,0,0,0,0,0,0,0,0,0,0,0,0,.000,2023
877,876,Jose De Leon,MIN,13,0,0,0,0,0,0,0,0,0,0,0,0,0,0,0,0,0,0,.000,2023
878,877,Marco Gonzales,SEA,10,0,0,0,0,0,0,0,0,0,0,0,0,0,0,0,0,0,0,.000,2023
879,878,Lucas Giolito,- - -,33,0,0,0,0,0,0,0,0,0,0,0,0,0,0,0,0,0,0,.000,2023
880,879,Antonio Senzatela,COL,2,0,0,0,0,0,0,0,0,0,0,0,0,0,0,0,0,0,0,.000,2023
881,880,Hunter Harvey,WSN,57,0,0,0,0,0,0,0,0,0,0,0,0,0,0,0,0,0,0,.000,2023
882,881,Kendall Graveman,- - -,68,0,0,0,0,0,0,0,0,0,0,0,0,0,0,0,0,0,0,.000,2023
883,882,Tyler Rogers,SFG,68,0,0,0,0,0,0,0,0,0,0,0,0,0,0,0,0,0,0,.000,2023
884,883,Mark Leiter Jr.,CHC,69,0,0,0,0,0,0,0,0,0,0,0,0,0,0,0,0,0,0,.000,2023
885,884,Chad Green,TOR,12,0,0,0,0,0,0,0,0,0,0,0,0,0,0,0,0,0,0,.000,2023
886,885,Nick Wittgren,KCR,27,0,0,0,0,0,0,0,0,0,0,0,0,0,0,0,0,0,0,.000,2023
887,886,Miguel Castro,ARI,75,0,0,0,0,0,0,0,0,0,0,0,0,0,0,0,0,0,0,.000,2023
888,887,Luis Castillo,SEA,33,0,0,0,0,0,0,0,0,0,0,0,0,0,0,0,0,0,0,.000,2023
889,888,Jimmy Cordero,NYY,31,0,0,0,0,0,0,0,0,0,0,0,0,0,0,0,0,0,0,.000,2023
890,889,Brad Keller,KCR,11,0,0,0,0,0,0,0,0,0,0,0,0,0,0,0,0,0,0,.000,2023
891,890,Joe Jimenez,ATL,59,0,0,0,0,0,0,0,0,0,0,0,0,0,0,0,0,0,0,.000,2023
892,891,Devin Williams,MIL,61,0,0,0,0,0,0,0,0,0,0,0,0,0,0,0,0,0,0,.000,2023
893,892,Zack Littell,- - -,28,0,0,0,0,0,0,0,0,0,0,0,0,0,0,0,0,0,0,.000,2023
894,893,Wander Suero,LAD,5,0,0,0,0,0,0,0,0,0,0,0,0,0,0,0,0,0,0,.000,2023
895,894,Sean Manaea,SFG,37,0,0,0,0,0,0,0,0,0,0,0,0,0,0,0,0,0,0,.000,2023
896,895,Luis Severino,NYY,19,0,0,0,0,0,0,0,0,0,0,0,0,0,0,0,0,0,0,.000,2023
897,896,Ryne Stanek,HOU,55,0,0,0,0,0,0,0,0,0,0,0,0,0,0,0,0,0,0,.000,2023
898,897,Nick Burdi,CHC,3,0,0,0,0,0,0,0,0,0,0,0,0,0,0,0,0,0,0,.000,2023
899,898,Jordan Romano,TOR,59,0,0,0,0,0,0,0,0,0,0,0,0,0,0,0,0,0,0,.000,2023
900,899,John Curtiss,NYM,15,0,0,0,0,0,0,0,0,0,0,0,0,0,0,0,0,0,0,.000,2023
901,900,Carlos Rodon,NYY,14,0,0,0,0,0,0,0,0,0,0,0,0,0,0,0,0,0,0,.000,2023
902,901,Aaron Nola,PHI,32,0,0,0,0,0,0,0,0,0,0,0,0,0,0,0,0,0,0,.000,2023
903,902,Brandon Woodruff,MIL,11,0,0,0,0,0,0,0,0,0,0,0,0,0,0,0,0,0,0,.000,2023
904,903,Spencer Turnbull,DET,7,0,0,0,0,0,0,0,0,0,0,0,0,0,0,0,0,0,0,.000,2023
905,904,Jake Reed,LAD,1,0,0,0,0,0,0,0,0,0,0,0,0,0,0,0,0,0,0,.000,2023
906,905,Tejay Antone,CIN,5,0,0,0,0,0,0,0,0,0,0,0,0,0,0,0,0,0,0,.000,2023
907,906,Kyle Freeland,COL,29,0,0,0,0,0,0,0,0,0,0,0,0,0,0,0,0,0,0,.000,2023
908,907,Aaron Bummer,CHW,61,0,0,0,0,0,0,0,0,0,0,0,0,0,0,0,0,0,0,.000,2023
909,908,John Means,BAL,4,0,0,0,0,0,0,0,0,0,0,0,0,0,0,0,0,0,0,.000,2023
910,909,Gerardo Reyes,LAA,8,0,0,0,0,0,0,0,0,0,0,0,0,0,0,0,0,0,0,.000,2023
911,910,Ryan Borucki,PIT,38,0,0,0,0,0,0,0,0,0,0,0,0,0,0,0,0,0,0,.000,2023
912,911,Tyler Mahle,MIN,5,0,0,0,0,0,0,0,0,0,0,0,0,0,0,0,0,0,0,.000,2023
913,912,Reynaldo Lopez,- - -,68,0,0,0,0,0,0,0,0,0,0,0,0,0,0,0,0,0,0,.000,2023
914,913,Yonny Chirinos,- - -,20,0,0,0,0,0,0,0,0,0,0,0,0,0,0,0,0,0,0,.000,2023
915,914,Victor Gonzalez,LAD,34,0,0,0,0,0,0,0,0,0,0,0,0,0,0,0,0,0,0,.000,2023
916,915,Brent Honeywell,- - -,40,0,0,0,0,0,0,0,0,0,0,0,0,0,0,0,0,0,0,.000,2023
917,916,Ryan Yarbrough,- - -,25,0,0,0,0,0,0,0,0,0,0,0,0,0,0,0,0,0,0,.000,2023
918,917,Jordan Montgomery,- - -,32,0,0,0,0,0,0,0,0,0,0,0,0,0,0,0,0,0,0,.000,2023
919,918,Austin Gomber,COL,27,0,0,0,0,0,0,0,0,0,0,0,0,0,0,0,0,0,0,.000,2023
920,919,Erik Swanson,TOR,69,0,0,0,0,0,0,0,0,0,0,0,0,0,0,0,0,0,0,.000,2023
921,920,Bryan Abreu,HOU,72,0,0,0,0,0,0,0,0,0,0,0,0,0,0,0,0,0,0,.000,2023
922,921,Jeff Brigham,NYM,37,0,0,0,0,0,0,0,0,0,0,0,0,0,0,0,0,0,0,.000,2023
923,922,Ryan Thompson,- - -,31,0,0,0,0,0,0,0,0,0,0,0,0,0,0,0,0,0,0,.000,2023
924,923,Julian Merryweather,CHC,69,0,0,0,0,0,0,0,0,0,0,0,0,0,0,0,0,0,0,.000,2023
925,924,Brock Stewart,MIN,28,0,0,0,0,0,0,0,0,0,0,0,0,0,0,0,0,0,0,.000,2023
926,925,Vinny Nittoli,NYM,3,0,0,0,0,0,0,0,0,0,0,0,0,0,0,0,0,0,0,.000,2023
927,926,Tim Hill,SDP,48,0,0,0,0,0,0,0,0,0,0,0,0,0,0,0,0,0,0,.000,2023
928,927,Brennan Bernardino,BOS,55,0,0,0,0,0,0,0,0,0,0,0,0,0,0,0,0,0,0,.000,2023
929,928,Reed Garrett,- - -,11,0,0,0,0,0,0,0,0,0,0,0,0,0,0,0,0,0,0,.000,2023
930,929,Luke Weaver,- - -,29,0,0,0,0,0,0,0,0,0,0,0,0,0,0,0,0,0,0,.000,2023
931,930,Touki Toussaint,- - -,20,0,0,0,0,0,0,0,0,0,0,0,0,0,0,0,0,0,0,.000,2023
932,931,Luis Ortiz,PHI,14,0,0,0,0,0,0,0,0,0,0,0,0,0,0,0,0,0,0,.000,2023
933,932,Sean Newcomb,OAK,7,0,0,0,0,0,0,0,0,0,0,0,0,0,0,0,0,0,0,.000,2023
934,933,Trevor Williams,WSN,30,0,0,0,0,0,0,0,0,0,0,0,0,0,0,0,0,0,0,.000,2023
935,934,Tanner Banks,CHW,32,0,0,0,0,0,0,0,0,0,0,0,0,0,0,0,0,0,0,.000,2023
936,935,Sean Reid-Foley,NYM,8,0,0,0,0,0,0,0,0,0,0,0,0,0,0,0,0,0,0,.000,2023
937,936,Pablo Lopez,MIN,32,0,0,0,0,0,0,0,0,0,0,0,0,0,0,0,0,0,0,.000,2023
938,937,Domingo Acevedo,OAK,9,0,0,0,0,0,0,0,0,0,0,0,0,0,0,0,0,0,0,.000,2023
939,938,Meibrys Viloria,CLE,10,3,4,0,0,0,0,0,0,0,1,0,0,0,0,0,1,0,0,.000,2023
940,939,Raisel Iglesias,ATL,58,0,0,0,0,0,0,0,0,0,0,0,0,0,0,0,0,0,0,.000,2023
941,940,Domingo German,NYY,20,0,0,0,0,0,0,0,0,0,0,0,0,0,0,0,0,0,0,.000,2023
942,941,Jose Castillo,SDP,1,0,0,0,0,0,0,0,0,0,0,0,0,0,0,0,0,0,0,.000,2023
943,942,Gabe Speier,SEA,69,0,0,0,0,0,0,0,0,0,0,0,0,0,0,0,0,0,0,.000,2023
944,943,Dinelson Lamet,- - -,17,0,0,0,0,0,0,0,0,0,0,0,0,0,0,0,0,0,0,.000,2023
945,944,Jalen Beeks,TBR,30,0,0,0,0,0,0,0,0,0,0,0,0,0,0,0,0,0,0,.000,2023
946,945,Sam Coonrod,NYM,10,0,0,0,0,0,0,0,0,0,0,0,0,0,0,0,0,0,0,.000,2023
947,946,Ranger Suarez,PHI,22,0,0,0,0,0,0,0,0,0,0,0,0,0,0,0,0,0,0,.000,2023
948,947,Thomas Pannone,MIL,1,0,0,0,0,0,0,0,0,0,0,0,0,0,0,0,0,0,0,.000,2023
949,948,Michael Kopech,CHW,30,0,0,0,0,0,0,0,0,0,0,0,0,0,0,0,0,0,0,.000,2023
950,949,Javy Guerra,- - -,17,0,0,0,0,0,0,0,0,0,0,0,0,0,0,0,0,0,0,.000,2023
951,950,Framber Valdez,HOU,31,0,0,0,0,0,0,0,0,0,0,0,0,0,0,0,0,0,0,.000,2023
952,951,Justin Steele,CHC,30,0,0,0,0,0,0,0,0,0,0,0,0,0,0,0,0,0,0,.000,2023
953,952,Josh Taylor,KCR,17,0,0,0,0,0,0,0,0,0,0,0,0,0,0,0,0,0,0,.000,2023
954,953,Matt Gage,HOU,5,0,0,0,0,0,0,0,0,0,0,0,0,0,0,0,0,0,0,.000,2023
955,954,Jeff Hoffman,PHI,54,0,0,0,0,0,0,0,0,0,0,0,0,0,0,0,0,0,0,.000,2023
956,955,Jonathan Hernandez,TEX,33,0,0,0,0,0,0,0,0,0,0,0,0,0,0,0,0,0,0,.000,2023
957,956,Jack Flaherty,- - -,29,0,0,0,0,0,0,0,0,0,0,0,0,0,0,0,0,0,0,.000,2023
958,957,Daniel Duarte,CIN,31,0,0,0,0,0,0,0,0,0,0,0,0,0,0,0,0,0,0,.000,2023
959,958,Albert Abreu,NYY,45,0,0,0,0,0,0,0,0,0,0,0,0,0,0,0,0,0,0,.000,2023
960,959,Spenser Watkins,OAK,1,0,0,0,0,0,0,0,0,0,0,0,0,0,0,0,0,0,0,.000,2023
961,960,Genesis Cabrera,- - -,61,0,0,0,0,0,0,0,0,0,0,0,0,0,0,0,0,0,0,.000,2023
962,961,Diego Castillo,SEA,8,0,0,0,0,0,0,0,0,0,0,0,0,0,0,0,0,0,0,.000,2023
963,962,Jimmy Herget,LAA,29,0,0,0,0,0,0,0,0,0,0,0,0,0,0,0,0,0,0,.000,2023
964,963,Tanner Scott,MIA,74,0,0,0,0,0,0,0,0,0,0,0,0,0,0,0,0,0,0,.000,2023
965,964,Mitch Keller,PIT,32,0,0,0,0,0,0,0,0,0,0,0,0,0,0,0,0,0,0,.000,2023
966,965,Cristian Javier,HOU,31,0,0,0,0,0,0,0,0,0,0,0,0,0,0,0,0,0,0,.000,2023
967,966,Tanner Rainey,WSN,1,0,0,0,0,0,0,0,0,0,0,0,0,0,0,0,0,0,0,.000,2023
968,967,Taylor Clarke,KCR,58,0,0,0,0,0,0,0,0,0,0,0,0,0,0,0,0,0,0,.000,2023
969,968,Justin Lawrence,COL,69,0,0,0,0,0,0,0,0,0,0,0,0,0,0,0,0,0,0,.000,2023
970,969,Jeffrey Springs,TBR,3,0,0,0,0,0,0,0,0,0,0,0,0,0,0,0,0,0,0,.000,2023
971,970,Jose Cuas,- - -,72,0,0,0,0,0,0,0,0,0,0,0,0,0,0,0,0,0,0,.000,2023
972,971,Trevor Megill,MIL,31,0,0,0,0,0,0,0,0,0,0,0,0,0,0,0,0,0,0,.000,2023
973,972,Nabil Crismatt,- - -,8,0,0,0,0,0,0,0,0,0,0,0,0,0,0,0,0,0,0,.000,2023
974,973,Evan Phillips,LAD,62,0,0,0,0,0,0,0,0,0,0,0,0,0,0,0,0,0,0,.000,2023
975,974,Tyler Alexander,DET,25,0,0,0,0,0,0,0,0,0,0,0,0,0,0,0,0,0,0,.000,2023
976,975,Drew Smith,NYM,63,0,0,0,0,0,0,0,0,0,0,0,0,0,0,0,0,0,0,.000,2023
977,976,Angel Perdomo,PIT,30,0,0,0,0,0,0,0,0,0,0,0,0,0,0,0,0,0,0,.000,2023
978,977,Jose Alvarado,PHI,42,0,0,0,0,0,0,0,0,0,0,0,0,0,0,0,0,0,0,.000,2023
979,978,Trey Wingenter,DET,17,0,0,0,0,0,0,0,0,0,0,0,0,0,0,0,0,0,0,.000,2023
980,979,Adbert Alzolay,CHC,58,0,0,0,0,0,0,0,0,0,0,0,0,0,0,0,0,0,0,.000,2023
981,980,Jose Rodriguez,SEA,1,0,0,0,0,0,0,0,0,0,0,0,0,0,0,0,0,0,0,.000,2023
982,981,Ian Gibaut,CIN,74,0,0,0,0,0,0,0,0,0,0,0,0,0,0,0,0,0,0,.000,2023
983,982,Nestor Cortes,NYY,12,0,0,0,0,0,0,0,0,0,0,0,0,0,0,0,0,0,0,.000,2023
984,983,Brett Kennedy,CIN,5,0,0,0,0,0,0,0,0,0,0,0,0,0,0,0,0,0,0,.000,2023
985,984,Dennis Santana,NYM,9,0,0,0,0,0,0,0,0,0,0,0,0,0,0,0,0,0,0,.000,2023
986,985,Tayler Saucedo,SEA,52,0,0,0,0,0,0,0,0,0,0,0,0,0,0,0,0,0,0,.000,2023
987,986,Garrett Cleavinger,TBR,15,0,0,0,0,0,0,0,0,0,0,0,0,0,0,0,0,0,0,.000,2023
988,987,Trent Thornton,- - -,27,0,0,0,0,0,0,0,0,0,0,0,0,0,0,0,0,0,0,.000,2023
989,988,Tyler Gilbert,ARI,11,0,0,0,0,0,0,0,0,0,0,0,0,0,0,0,0,0,0,.000,2023
990,989,Brock Burke,TEX,53,0,0,0,0,0,0,0,0,0,0,0,0,0,0,0,0,0,0,.000,2023
991,990,Peter Lambert,COL,25,0,0,0,0,0,0,0,0,0,0,0,0,0,0,0,0,0,0,.000,2023
992,991,Logan Webb,SFG,33,0,0,0,0,0,0,0,0,0,0,0,0,0,0,0,0,0,0,.000,2023
993,992,Pete Fairbanks,TBR,49,0,0,0,0,0,0,0,0,0,0,0,0,0,0,0,0,0,0,.000,2023
994,993,Triston McKenzie,CLE,4,0,0,0,0,0,0,0,0,0,0,0,0,0,0,0,0,0,0,.000,2023
995,994,Phil Maton,HOU,68,0,0,0,0,0,0,0,0,0,0,0,0,0,0,0,0,0,0,.000,2023
996,995,Ryan Helsley,STL,33,0,0,0,0,0,0,0,0,0,0,0,0,0,0,0,0,0,0,.000,2023
997,996,Anthony Misiewicz,- - -,11,0,0,0,0,0,0,0,0,0,0,0,0,0,0,0,0,0,0,.000,2023
998,997,James Naile,STL,10,0,0,0,0,0,0,0,0,0,0,0,0,0,0,0,0,0,0,.000,2023
999,998,Tyler Kinley,COL,18,0,0,0,0,0,0,0,0,0,0,0,0,0,0,0,0,0,0,.000,2023
1000,999,Andrew Suarez,STL,13,0,0,0,0,0,0,0,0,0,0,0,0,0,0,0,0,0,0,.000,2023
1001,1000,Carson Fulmer,LAA,3,0,0,0,0,0,0,0,0,0,0,0,0,0,0,0,0,0,0,.000,2023
