player,team,b1,b2,b3,b4,b5,b6,b7,b8,b9
Jeremy Pena,HOU,2.0,0.0,0.0,0.0,0.0,0.0,0.0,0.0,0.0
Yordan Alvarez,HOU,0.0,2.0,0.0,0.0,0.0,0.0,0.0,0.0,0.0
Isaac Paredes,HOU,0.0,0.0,2.0,0.0,0.0,0.0,0.0,0.0,0.0
Jose Altuve,HOU,0.0,0.0,0.0,2.0,0.0,0.0,0.0,0.0,0.0
Yainer Diaz,HOU,0.0,0.0,0.0,0.0,2.0,0.0,0.0,0.0,0.0
Christian Walker,HOU,0.0,0.0,0.0,0.0,0.0,2.0,0.0,0.0,0.0
Lucas Spence,HOU,0.0,0.0,0.0,0.0,0.0,0.0,2.0,0.0,0.0
Cam Smith,HOU,0.0,0.0,0.0,0.0,0.0,0.0,0.0,2.0,0.0
Taylor Trammell,HOU,0.0,0.0,0.0,0.0,0.0,0.0,0.0,0.0,1.0
Nick Allen,HOU,0.0,0.0,0.0,0.0,0.0,0.0,0.0,0.0,1.0
Drake Baldwin,ATL,5.0,1.0,0.0,0.0,1.0,0.0,0.0,0.0,0.0
Ronald Acuna Jr.,ATL,1.0,6.0,0.0,0.0,0.0,0.0,0.0,0.0,0.0
Matt Olson,ATL,0.0,0.0,5.0,2.0,0.0,0.0,0.0,0.0,0.0
Mauricio Dubon,ATL,0.0,0.0,0.0,1.0,2.0,3.0,1.0,0.0,0.0
Michael Harris II,ATL,1.0,0.0,0.0,1.0,4.0,0.0,1.0,0.0,0.0
Ozzie Albies,ATL,0.0,0.0,2.0,3.0,0.0,1.0,0.0,1.0,0.0
Austin Riley,ATL,0.0,0.0,0.0,0.0,0.0,1.0,3.0,3.0,0.0
Mike Yastrzemski,ATL,0.0,0.0,0.0,0.0,0.0,2.0,0.0,1.0,0.0
Ha-Seong Kim,ATL,0.0,0.0,0.0,0.0,0.0,0.0,0.0,0.0,4.0
Sean Murphy,ATL,0.0,0.0,0.0,0.0,0.0,0.0,1.0,2.0,1.0
Dominic Smith,ATL,0.0,0.0,0.0,0.0,0.0,0.0,0.0,0.0,1.0
Lane Thomas,ATL,0.0,0.0,0.0,0.0,0.0,0.0,1.0,0.0,1.0
Jackson Chourio,MIL,4.0,0.0,0.0,0.0,0.0,0.0,0.0,0.0,0.0
Brice Turang,MIL,0.0,2.0,0.0,2.0,0.0,0.0,0.0,0.0,0.0
William Contreras,MIL,0.0,0.0,3.0,1.0,0.0,0.0,0.0,0.0,0.0
Jake Bauers,MIL,0.0,1.0,1.0,1.0,1.0,0.0,0.0,0.0,0.0
Christian Yelich,MIL,0.0,1.0,0.0,0.0,2.0,1.0,0.0,0.0,0.0
Cooper Pratt,MIL,0.0,0.0,0.0,0.0,0.0,2.0,1.0,1.0,0.0
Luis Lara,MIL,0.0,0.0,0.0,0.0,0.0,0.0,1.0,0.0,0.0
Garrett Mitchell,MIL,0.0,0.0,0.0,0.0,1.0,1.0,0.0,2.0,0.0
Joey Ortiz,MIL,0.0,0.0,0.0,0.0,0.0,0.0,0.0,0.0,3.0
Sal Frelick,MIL,0.0,0.0,0.0,0.0,0.0,0.0,2.0,1.0,0.0
David Hamilton,MIL,0.0,0.0,0.0,0.0,0.0,0.0,0.0,0.0,1.0
Pete Crow-Armstrong,CHC,2.0,0.0,0.0,0.0,0.0,0.0,0.0,0.0,0.0
Alex Bregman,CHC,0.0,2.0,0.0,0.0,0.0,0.0,0.0,0.0,0.0
Michael Busch,CHC,0.0,0.0,2.0,0.0,0.0,0.0,0.0,0.0,0.0
Seiya Suzuki,CHC,0.0,0.0,0.0,2.0,0.0,0.0,0.0,0.0,0.0
Ian Happ,CHC,0.0,0.0,0.0,0.0,2.0,0.0,0.0,0.0,0.0
Nico Hoerner,CHC,0.0,0.0,0.0,0.0,0.0,2.0,0.0,0.0,0.0
Pedro Ramirez,CHC,0.0,0.0,0.0,0.0,0.0,0.0,1.0,0.0,0.0
Carson Kelly,CHC,0.0,0.0,0.0,0.0,0.0,0.0,0.0,2.0,0.0
Dansby Swanson,CHC,0.0,0.0,0.0,0.0,0.0,0.0,0.0,0.0,2.0
Matt Shaw,CHC,0.0,0.0,0.0,0.0,0.0,0.0,1.0,0.0,0.0
Mookie Betts,LAD,4.0,0.0,0.0,0.0,0.0,0.0,0.0,0.0,0.0
Shohei Ohtani,LAD,0.0,2.0,0.0,1.0,1.0,0.0,0.0,0.0,0.0
Will Smith,LAD,0.0,0.0,3.0,1.0,0.0,0.0,0.0,0.0,0.0
Freddie Freeman,LAD,0.0,2.0,0.0,2.0,0.0,0.0,0.0,0.0,0.0
Teoscar Hernandez,LAD,0.0,0.0,1.0,0.0,3.0,0.0,0.0,0.0,0.0
Kyle Tucker,LAD,0.0,0.0,0.0,0.0,0.0,2.0,0.0,2.0,0.0
Andy Pages,LAD,0.0,0.0,0.0,0.0,0.0,0.0,3.0,0.0,1.0
Max Muncy,LAD,0.0,0.0,0.0,0.0,0.0,1.0,0.0,1.0,0.0
Tommy Edman,LAD,0.0,0.0,0.0,0.0,0.0,0.0,0.0,0.0,2.0
Miguel Rojas,LAD,0.0,0.0,0.0,0.0,0.0,1.0,0.0,1.0,0.0
Enrique Hernandez,LAD,0.0,0.0,0.0,0.0,0.0,0.0,1.0,0.0,1.0
Steven Kwan,CLE,4.0,0.0,0.0,0.0,0.0,0.0,0.0,0.0,0.0
Jose Ramirez,CLE,0.0,4.0,0.0,0.0,0.0,0.0,0.0,0.0,0.0
Chase DeLauter,CLE,0.0,0.0,4.0,0.0,0.0,0.0,0.0,0.0,0.0
Jo Adell,CLE,0.0,0.0,0.0,4.0,0.0,0.0,0.0,0.0,0.0
Angel Martinez,CLE,0.0,0.0,0.0,0.0,1.0,3.0,0.0,0.0,0.0
David Fry,CLE,0.0,0.0,0.0,0.0,0.0,1.0,0.0,0.0,0.0
Travis Bazzana,CLE,0.0,0.0,0.0,0.0,0.0,0.0,4.0,0.0,0.0
Austin Hedges,CLE,0.0,0.0,0.0,0.0,0.0,0.0,0.0,2.0,0.0
Brayan Rocchio,CLE,0.0,0.0,0.0,0.0,0.0,0.0,0.0,0.0,4.0
Nathaniel Lowe,CLE,0.0,0.0,0.0,0.0,3.0,0.0,0.0,0.0,0.0
Patrick Bailey,CLE,0.0,0.0,0.0,0.0,0.0,0.0,0.0,2.0,0.0
Fernando Tatis Jr.,SD,6.0,0.0,0.0,0.0,0.0,0.0,0.0,0.0,0.0
Samad Taylor,SD,0.0,1.0,0.0,0.0,0.0,0.0,0.0,1.0,1.0
Manny Machado,SD,0.0,0.0,6.0,0.0,0.0,0.0,0.0,0.0,0.0
Ty France,SD,0.0,0.0,0.0,6.0,0.0,0.0,0.0,0.0,0.0
Jackson Merrill,SD,0.0,2.0,0.0,0.0,4.0,0.0,0.0,0.0,0.0
Austin Hays,SD,0.0,0.0,0.0,0.0,1.0,1.0,0.0,1.0,0.0
Xander Bogaerts,SD,0.0,0.0,0.0,0.0,0.0,4.0,2.0,0.0,0.0
Jake Cronenworth,SD,0.0,0.0,0.0,0.0,0.0,0.0,0.0,2.0,4.0
Luis Campusano,SD,0.0,0.0,0.0,0.0,0.0,0.0,1.0,2.0,1.0
Dustin Harris,SD,0.0,3.0,0.0,0.0,0.0,0.0,1.0,0.0,0.0
Ethan Salas,SD,0.0,0.0,0.0,0.0,1.0,0.0,2.0,0.0,0.0
Gavin Sheets,SD,0.0,0.0,0.0,0.0,0.0,1.0,0.0,0.0,0.0
Trea Turner,PHI,3.0,0.0,0.0,0.0,0.0,0.0,0.0,0.0,0.0
Kyle Schwarber,PHI,0.0,3.0,0.0,0.0,0.0,0.0,0.0,0.0,0.0
Bryce Harper,PHI,0.0,0.0,3.0,0.0,0.0,0.0,0.0,0.0,0.0
Alec Bohm,PHI,0.0,0.0,0.0,3.0,0.0,0.0,0.0,0.0,0.0
Derek Hill,PHI,0.0,0.0,0.0,0.0,1.0,0.0,0.0,0.0,0.0
Bryan De La Cruz,PHI,0.0,0.0,0.0,0.0,0.0,2.0,0.0,0.0,0.0
Bryson Stott,PHI,0.0,0.0,0.0,0.0,2.0,0.0,1.0,0.0,0.0
Edmundo Sosa,PHI,0.0,0.0,0.0,0.0,0.0,0.0,2.0,1.0,0.0
J.T. Realmuto,PHI,0.0,0.0,0.0,0.0,0.0,0.0,0.0,1.0,2.0
Brandon Marsh,PHI,0.0,0.0,0.0,0.0,0.0,1.0,0.0,0.0,0.0
Justin Crawford,PHI,0.0,0.0,0.0,0.0,0.0,0.0,0.0,1.0,1.0
Yandy Diaz,TB,3.0,0.0,0.0,0.0,0.0,0.0,0.0,0.0,0.0
Jonathan Aranda,TB,0.0,3.0,0.0,0.0,0.0,0.0,0.0,0.0,0.0
Junior Caminero,TB,0.0,0.0,3.0,0.0,0.0,0.0,0.0,0.0,0.0
Liam Hicks,TB,0.0,0.0,0.0,2.0,0.0,1.0,0.0,0.0,0.0
Chandler Simpson,TB,0.0,0.0,0.0,0.0,2.0,0.0,0.0,0.0,0.0
Victor Mesa Jr.,TB,0.0,0.0,0.0,1.0,0.0,2.0,0.0,0.0,0.0
Jonny DeLuca,TB,0.0,0.0,0.0,0.0,0.0,0.0,3.0,0.0,0.0
Richie Palacios,TB,0.0,0.0,0.0,0.0,0.0,0.0,0.0,3.0,0.0
Taylor Walls,TB,0.0,0.0,0.0,0.0,0.0,0.0,0.0,0.0,3.0
Ryan Vilade,TB,0.0,0.0,0.0,0.0,1.0,0.0,0.0,0.0,0.0
Roman Anthony,BOS,1.0,0.0,0.0,0.0,0.0,0.0,0.0,0.0,0.0
Adley Rutschman,BOS,0.0,2.0,0.0,0.0,0.0,0.0,0.0,0.0,0.0
Willson Contreras,BOS,0.0,0.0,2.0,0.0,0.0,0.0,0.0,0.0,0.0
Wilyer Abreu,BOS,0.0,0.0,0.0,2.0,0.0,0.0,0.0,0.0,0.0
Ceddanne Rafaela,BOS,0.0,0.0,0.0,0.0,2.0,0.0,0.0,0.0,0.0
Nick Sogard,BOS,0.0,0.0,0.0,0.0,0.0,1.0,1.0,0.0,0.0
Jarren Duran,BOS,0.0,0.0,0.0,0.0,0.0,0.0,1.0,0.0,0.0
Trevor Story,BOS,0.0,0.0,0.0,0.0,0.0,0.0,0.0,2.0,0.0
Caleb Durbin,BOS,0.0,0.0,0.0,0.0,0.0,1.0,0.0,0.0,1.0
Jahmai Jones,BOS,1.0,0.0,0.0,0.0,0.0,0.0,0.0,0.0,0.0
Nate Eaton,BOS,0.0,0.0,0.0,0.0,0.0,0.0,0.0,0.0,1.0
Sam Antonacci,CWS,4.0,0.0,0.0,0.0,0.0,0.0,0.0,0.0,0.0
Kyle Teel,CWS,0.0,3.0,0.0,1.0,0.0,0.0,2.0,0.0,0.0
Miguel Vargas,CWS,0.0,1.0,5.0,0.0,0.0,0.0,0.0,0.0,0.0
Munetaka Murakami,CWS,0.0,0.0,1.0,5.0,0.0,0.0,0.0,0.0,0.0
Andrew Benintendi,CWS,0.0,0.0,0.0,0.0,3.0,0.0,0.0,0.0,0.0
Tristan Peters,CWS,0.0,0.0,0.0,0.0,0.0,4.0,0.0,0.0,0.0
Braden Montgomery,CWS,0.0,0.0,0.0,0.0,0.0,0.0,3.0,3.0,0.0
Chase Meidroth,CWS,2.0,0.0,0.0,0.0,1.0,0.0,1.0,2.0,0.0
Colson Montgomery,CWS,0.0,0.0,0.0,0.0,0.0,0.0,0.0,0.0,6.0
Randal Grichuk,CWS,0.0,2.0,0.0,0.0,0.0,0.0,0.0,1.0,0.0
Tommy Pham,CWS,0.0,0.0,0.0,0.0,2.0,0.0,0.0,0.0,0.0
Brenton Doyle,CWS,0.0,0.0,0.0,0.0,0.0,2.0,0.0,0.0,0.0
Paul Goldschmidt,NYY,1.0,0.0,0.0,0.0,0.0,0.0,0.0,0.0,0.0
Ben Rice,NYY,3.0,2.0,0.0,0.0,0.0,0.0,0.0,0.0,0.0
Heliot Ramos,NYY,0.0,0.0,1.0,0.0,0.0,0.0,0.0,0.0,0.0
Cody Bellinger,NYY,0.0,3.0,0.0,2.0,0.0,0.0,0.0,0.0,0.0
George Lombard Jr.,NYY,0.0,0.0,0.0,0.0,5.0,0.0,0.0,0.0,0.0
Amed Rosario,NYY,0.0,0.0,0.0,0.0,0.0,1.0,0.0,0.0,0.0
Anthony Volpe,NYY,0.0,0.0,0.0,0.0,0.0,0.0,2.0,0.0,0.0
Spencer Jones,NYY,0.0,0.0,0.0,3.0,0.0,0.0,0.0,2.0,0.0
Austin Wells,NYY,0.0,0.0,0.0,0.0,0.0,1.0,0.0,3.0,1.0
Luis Garcia Jr.,NYY,0.0,0.0,4.0,0.0,0.0,0.0,0.0,0.0,0.0
Jazz Chisholm Jr.,NYY,0.0,0.0,0.0,0.0,0.0,3.0,0.0,0.0,0.0
Trent Grisham,NYY,1.0,0.0,0.0,0.0,0.0,0.0,3.0,0.0,0.0
Ryan McMahon,NYY,0.0,0.0,0.0,0.0,0.0,0.0,0.0,0.0,3.0
Jose Caballero,NYY,0.0,0.0,0.0,0.0,0.0,0.0,0.0,0.0,1.0
