,player,realised_curr,realised_prev,mean_pos_curr,mean_pos_prev,ngames_curr,ngames_prev,volatility,curr_projection,future_projection
0,Mike Trout,146.0,650.7,2.9722222222222223,2.6792452830188678,36.0,143.10000000000002,0.003906660127817651,641.3708188679245,506.6376444444444
1,Anthony Rendon,249.0,626.4000000000001,3.4827586206896552,3.730769230769231,58.0,140.4,0.0033648276096597696,616.7215692307693,517.1208551724137
2,Justin Upton,362.0,448.20000000000005,3.586206896551724,5.4523809523809526,87.0,113.4,0.004755793187931799,465.6327047619048,537.670924137931
3,Albert Pujols,296.0,440.1,5.954545454545454,5.2631578947368425,22.0,102.60000000000001,0.005925217931009923,460.0901157894737,477.53992727272725
4,Jose Iglesias,511.0,405.0,5.900900900900901,2.6,111.0,94.5,0.01951843735627519,445.2034,521.6029477477477
5,Max Stassi,319.0,283.5,5.975,7.461538461538462,80.0,70.2,0.008241802268244577,323.9193384615385,481.73459999999994
6,Dexter Fowler,21.0,272.70000000000005,9.0,7.241379310344827,6.0,78.30000000000001,0.03719117452767869,316.3700068965518,21.0
7,Jared Walsh,585.0,291.6,4.124087591240876,3.5,137.0,64.80000000000001,0.019855533018722102,350.0248,571.6122802919708
8,Kurt Suzuki,247.0,348.3,7.142857142857143,5.46875,63.0,86.4,0.006109851347946585,385.6316125,444.1923428571428
9,Jon Jay,14.0,153.9,8.333333333333334,8.428571428571429,3.0,37.800000000000004,0.004377676996724615,215.44865714285714,14.0
10,Jack Mayfield,290.0,126.9,7.432835820895522,8.846153846153847,67.0,35.1,0.0037329909667418457,191.77995384615386,447.0461253731343
11,Anthony Bemboom,28.0,162.0,8.285714285714286,8.0625,7.0,43.2,0.005159615929705216,223.742175,28.0
12,Luis Rengifo,190.0,286.20000000000005,7.086956521739131,8.153846153846153,46.0,70.2,0.010613540241284901,322.6496461538462,433.9000695652174
13,Phil Gosselin,373.0,275.40000000000003,3.909090909090909,6.25,88.0,75.60000000000001,0.012795803583141245,323.4413,533.4726545454545
14,Taylor Ward,237.0,275.40000000000003,5.864406779661017,6.833333333333333,59.0,64.80000000000001,0.0013301651203535244,320.55146666666667,467.52611525423725
15,Drew Butera,36.0,116.10000000000001,8.583333333333334,9.0,12.0,32.400000000000006,0.009645061728395061,182.3778,36.0
16,Adam Eaton,288.0,475.20000000000005,7.2631578947368425,2.4,19.0,108.0,0.020777546937519237,502.35420000000005,450.0084631578947
17,Matt Thaiss,8.0,67.5,6.5,5.333333333333333,2.0,16.200000000000003,0.02006172839506173,161.66246666666666,8.0
18,Jo Adell,140.0,356.40000000000003,6.142857142857143,7.090909090909091,35.0,89.10000000000001,0.008230813598778967,384.0754363636364,442.6083428571428
19,Jose Altuve,678.0,567.0,1.0,2.3125,144.0,129.60000000000002,0.04383680555555555,576.227675,652.1192
20,Michael Brantley,508.0,504.90000000000003,2.26271186440678,3.466666666666667,118.0,121.50000000000001,0.027393979624447666,520.8299333333333,593.0973016949152
21,Alex Bregman,400.0,486.00000000000006,3.0555555555555554,3.1951219512195124,90.0,110.7,0.0025144171646474065,507.0551658536586,555.7863111111111
22,Kyle Tucker,567.0,615.6,5.776119402985074,5.482142857142857,134.0,151.20000000000002,0.007261628987007294,599.4052642857143,535.2756179104477
23,Carlos Correa,640.0,596.7,4.605442176870748,5.75,147.0,151.20000000000002,0.005180655501051517,582.9583,573.0737578231292
24,Yordan Alvarez,598.0,24.3,3.9779411764705883,4.5,136.0,5.4,0.007220780469050364,131.23080000000002,577.1083176470588
25,Yuli Gurriel,605.0,621.0,4.3,4.785714285714286,140.0,151.20000000000002,0.003443877551020408,607.1753714285715,572.1264
26,Myles Straw,638.0,232.20000000000002,7.301075268817204,5.684210526315789,93.0,51.300000000000004,0.0036712915855429567,291.6842210526316,519.2570924731183
27,Martin Maldonado,426.0,445.50000000000006,8.873949579831933,8.652173913043478,119.0,124.2,0.0012425927411625908,447.6209304347826,445.6890151260504
28,Aledmys Diaz,319.0,159.3,4.942857142857143,6.5,70.0,43.2,0.005035962301587302,229.32280000000003,502.18754285714283
29,Jason Castro,179.0,248.4,8.289473684210526,7.4375,38.0,43.2,0.014293460487842413,295.95842500000003,407.87098947368423
30,Abraham Toro,375.0,261.90000000000003,6.666666666666667,7.0,30.0,51.300000000000004,0.006031941452070722,308.92580000000004,479.2285333333333
31,Taylor Jones,108.0,59.400000000000006,7.291666666666667,7.333333333333333,24.0,16.200000000000003,0.0018325617283950614,145.27446666666668,108.0
32,Garrett Stubbs,38.0,27.0,8.714285714285714,9.0,7.0,2.7,0.004535147392290249,111.0978,38.0
33,Marwin Gonzalez,307.0,537.3000000000001,6.75,6.411764705882353,8.0,137.70000000000002,0.005894167307445854,532.1599176470588,463.9772
34,Mark Canha,625.0,656.1,2.0428571428571427,4.694915254237288,140.0,159.3,0.022198022989718725,635.7051898305085,620.8539428571428
35,Ramon Laureano,378.0,599.4000000000001,3.0,3.4814814814814814,87.0,145.8,0.0034546597457936596,596.3565407407408,552.4871999999999
36,Matt Olson,673.0,661.5,3.1538461538461537,4.11864406779661,156.0,159.3,0.013241533293380688,642.8800372881356,608.4385846153846
37,Matt Chapman,622.0,410.40000000000003,5.112582781456954,3.4444444444444446,151.0,97.2,0.013125180146058858,445.3400222222223,559.424259602649
38,Mitch Moreland,252.0,410.40000000000003,5.26984126984127,4.9411764705882355,63.0,45.900000000000006,0.0009002874933560932,437.9252117647059,482.30802539682537
39,Sean Murphy,448.0,378.0,6.440366972477064,8.461538461538462,109.0,105.30000000000001,0.015196621740359965,394.56533846153843,498.3128880733945
40,Chad Pinder,233.0,164.70000000000002,5.9298245614035086,7.166666666666667,57.0,32.400000000000006,0.011119874491296469,230.34013333333334,465.4297964912281
41,Elvis Andrus,541.0,299.70000000000005,7.678571428571429,5.035714285714286,140.0,75.60000000000001,0.009387755102040814,348.89687142857144,492.37662857142857
42,Stephen Piscotty,188.0,461.70000000000005,7.0588235294117645,6.4772727272727275,51.0,118.80000000000001,0.0021476032210539916,471.35539090909094,434.0575529411764
43,Tony Kemp,397.0,307.8,6.133333333333334,7.21875,90.0,86.4,0.001885127314814815,344.5621125,494.1970666666666
44,Seth Brown,307.0,13.5,6.130434782608695,7.0,69.0,2.7,0.019440360335130344,110.20580000000001,476.25450434782607
45,Vimael Machin,37.0,191.70000000000002,8.636363636363637,8.055555555555555,11.0,48.6,0.005460043759707059,247.5365777777778,37.0
46,Austin Allen,8.0,86.4,8.5,8.88888888888889,2.0,24.3,0.008401920438957475,159.16824444444444,8.0
47,Starling Marte,526.0,675.0,2.0,2.9696969696969697,55.0,89.10000000000001,0.05223956739108255,659.3719212121212,601.9032
48,Yan Gomes,375.0,321.3,5.878787878787879,6.612903225806452,33.0,83.7,0.0028717152924891075,358.36347741935487,494.8411393939394
49,Josh Harrison,558.0,245.70000000000002,2.9361702127659575,5.954545454545454,47.0,59.400000000000006,0.013403771032685802,301.1449818181818,589.7520510638299
50,Khris Davis,114.0,267.3,7.0,6.28,14.0,67.5,0.004124263038548753,316.81268,114.0
51,Marcus Semien,724.0,637.2,1.7888198757763976,1.320754716981132,161.0,143.10000000000002,0.0013132671172533196,637.3007811320755,645.6879453416149
52,Cavan Biggio,294.0,715.5,5.647887323943662,1.2982456140350878,71.0,153.9,0.01920599702527507,700.0522912280702,483.2166647887324
53,Bo Bichette,690.0,345.6,2.6289308176100628,1.7586206896551724,159.0,78.30000000000001,0.0048433517162717946,401.8515931034483,622.240306918239
54,Teoscar Hernandez,595.0,558.9000000000001,4.443661971830986,3.9583333333333335,142.0,129.60000000000002,0.006644478432715928,561.5942166666667,567.2795943661971
55,Vladimir Guerrero Jr.,698.0,656.1,2.981366459627329,4.614035087719298,161.0,153.9,0.018316254788317443,636.1058701754387,616.8564422360248
56,Lourdes Gurriel Jr.,541.0,604.8000000000001,6.595588235294118,4.8076923076923075,136.0,140.4,0.006407359396363256,594.1064923076924,513.8370235294117
57,Rowdy Tellez,325.0,342.90000000000003,6.382352941176471,5.035714285714286,34.0,75.60000000000001,0.004188440081915119,383.45687142857145,474.86249411764703
58,Randal Grichuk,545.0,623.7,6.037593984962406,3.7037037037037037,133.0,145.8,0.008071313925699727,614.6956518518518,525.694237593985
59,Danny Jansen,205.0,396.90000000000003,8.69811320754717,8.0,53.0,105.30000000000001,0.0028657508278871844,411.97180000000003,404.97338867924526
60,Joe Panik,257.0,380.70000000000005,7.133333333333334,7.375,30.0,86.4,0.0006165605709876543,402.10805000000005,446.38106666666664
61,Alejandro Kirk,189.0,67.5,6.875,7.857142857142857,48.0,18.900000000000002,0.010981591710758375,149.1595142857143,437.9002
62,Jonathan Davis,103.0,91.80000000000001,8.25,8.11111111111111,20.0,24.3,0.002429698216735254,167.34135555555557,103.0
63,Santiago Espinal,246.0,178.20000000000002,7.741935483870968,8.631578947368421,62.0,51.300000000000004,0.010655924227385745,233.88295789473688,432.1210064516129
64,George Springer,342.0,599.4000000000001,1.9487179487179487,1.0,78.0,132.3,0.0033968880122726276,608.6498,566.1194051282051
65,Reese McGuire,217.0,121.50000000000001,8.868852459016393,8.666666666666666,61.0,32.400000000000006,0.0022710608126714905,188.34913333333336,403.99001967213115
66,Corey Dickerson,365.0,567.0,5.583333333333333,2.803921568627451,36.0,137.70000000000002,0.013150064552569998,573.7931725490196,498.69586666666663
67,Jarrod Dyson,149.0,178.20000000000002,9.0,8.2,3.0,40.5,0.02740740740740741,236.02100000000002,387.7912
68,Jake Lamb,170.0,267.3,8.333333333333334,6.461538461538462,9.0,35.1,0.011590815009618428,315.9133384615385,405.20186666666666
69,Ronald Acuna Jr.,360.0,545.4000000000001,1.0987654320987654,1.0,81.0,124.2,8.467543904215182e-06,565.4498000000001,586.5620641975308
70,Ozzie Albies,686.0,334.8,2.6815286624203822,5.142857142857143,157.0,75.60000000000001,0.009185253475807134,376.4460857142857,620.3980280254776
71,Freddie Freeman,695.0,707.4000000000001,2.426751592356688,2.5517241379310347,157.0,156.60000000000002,0.000867674285962896,687.3625586206897,627.2466904458599
72,Marcell Ozuna,208.0,720.9000000000001,3.1875,3.6,48.0,162.0,0.009453125,692.9694000000001,514.7717
73,Travis d'Arnaud,229.0,496.8,5.618181818181818,4.17948717948718,55.0,105.30000000000001,0.004998089193893389,510.81862051282053,470.805309090909
74,Dansby Swanson,653.0,712.8000000000001,5.531645569620253,3.6666666666666665,158.0,162.0,0.006908901905163187,686.1591333333333,557.320111392405
75,Austin Riley,662.0,556.2,4.7243589743589745,7.0588235294117645,156.0,137.70000000000002,0.01739521964823624,544.0743882352941,575.1173025641026
76,Cristian Pache,68.0,10.8,8.1,9.0,20.0,2.7,0.03791666666666667,98.1378,68.0
77,Ender Inciarte,89.0,353.70000000000005,7.882352941176471,8.8,17.0,81.0,0.031095732410611303,373.44860000000006,89.0
78,Alex Jackson,151.0,18.900000000000002,7.857142857142857,9.0,7.0,8.100000000000001,0.03174603174603175,104.61780000000002,410.8380571428571
79,Ehire Adrianza,209.0,272.70000000000005,4.866666666666666,7.916666666666667,30.0,64.80000000000001,0.011392746913580247,313.0246333333334,481.69733333333335
80,Guillermo Heredia,347.0,97.2,7.416666666666667,8.2,84.0,13.5,0.00520628621819098,171.221,458.7665333333333
81,Pablo Sandoval,86.0,253.8,6.166666666666667,4.0,6.0,2.7,0.038580246913580245,317.3078,86.0
82,William Contreras,185.0,27.0,7.25531914893617,9.0,47.0,5.4,0.041899300839997995,111.0978,429.5637957446808
83,Jeff Mathis,9.0,183.60000000000002,7.666666666666667,8.909090909090908,3.0,59.400000000000006,0.03525150494847464,236.82816363636366,9.0
84,Kevan Smith,106.0,102.60000000000001,7.814814814814815,7.9,27.0,27.0,0.009703551287913427,177.0272,106.0
85,Abraham Almonte,175.0,35.1,5.54054054054054,7.25,37.0,10.8,0.009229668858047237,126.2473,461.5438486486486
86,Orlando Arcia,89.0,510.3,6.0625,7.846153846153846,16.0,140.4,0.007604474852071007,503.45395384615387,89.0
87,Joc Pederson,481.0,372.6,4.488372093023256,5.2894736842105265,43.0,102.60000000000001,0.0017276605973198726,405.95974736842106,543.5936186046512
88,Stephen Vogt,238.0,218.70000000000002,7.318181818181818,6.904761904761905,22.0,56.7,0.0027712186803095893,274.83760952380953,438.91810909090907
89,Adam Duvall,555.0,564.3000000000001,5.686274509803922,6.042553191489362,51.0,126.9,0.0025529737385347464,555.5889914893618,534.6559843137254
90,Jorge Soler,602.0,469.8,1.8653846153846154,2.857142857142857,52.0,113.4,0.009935030882833082,495.7695142857143,619.7707384615385
91,Eddie Rosario,412.0,623.7,6.291666666666667,4.314814814814815,24.0,145.8,0.01650139079408627,611.6682074074074,494.05953333333326
92,Kolten Wong,492.0,561.6,1.0,1.1666666666666667,108.0,129.60000000000002,2.4112654320987694e-05,577.5841333333334,614.9192
93,Keston Hiura,197.0,664.2,5.413043478260869,3.0508474576271185,46.0,159.3,0.009766237228279347,650.3299016949153,468.47033043478257
94,Christian Yelich,475.0,666.9000000000001,2.8598130841121496,2.396551724137931,107.0,156.60000000000002,0.008309361946489074,655.7312827586208,574.6651439252337
95,Avisail Garcia,515.0,558.9000000000001,4.108333333333333,2.86,120.0,135.0,0.014293672839506173,567.0353600000001,557.9244666666666
96,Travis Shaw,250.0,486.00000000000006,4.604166666666667,4.953488372093023,48.0,116.10000000000001,0.008506941836261177,498.3442186046512,495.0990333333333
97,Lorenzo Cain,286.0,56.7,5.4714285714285715,4.8,70.0,13.5,0.007562358276643991,155.6646,485.1133714285714
98,Omar Narvaez,445.0,340.20000000000005,4.313725490196078,6.9375,102.0,86.4,0.010043400274734075,371.87542500000006,539.8544156862745
99,Luis Urias,570.0,324.0,5.0227272727272725,6.806451612903226,132.0,83.7,0.004912529100165085,359.5646387096774,550.8048363636364
100,Jackie Bradley Jr.,428.0,585.9000000000001,6.84,6.925925925925926,100.0,145.8,0.001374074074074074,568.4927629629631,486.39376000000004
101,Orlando Arcia,89.0,510.3,6.0625,7.846153846153846,16.0,140.4,0.007604474852071007,503.45395384615387,89.0
102,Manny Pina,208.0,121.50000000000001,7.019230769230769,6.916666666666667,52.0,32.400000000000006,0.004634195339323546,197.01863333333336,438.84212307692303
103,Daniel Vogelbach,258.0,367.20000000000005,3.4363636363636365,6.0,55.0,2.7,0.0331129476584022,398.11980000000005,519.8402181818182
104,Daniel Robertson,90.0,64.80000000000001,7.785714285714286,7.2,14.0,13.5,0.019625850340136055,150.255,90.0
105,Jace Peterson,302.0,164.70000000000002,5.924242424242424,7.2,66.0,40.5,0.004793388429752066,230.175,479.3404121212121
106,Billy McKinney,300.0,8.100000000000001,6.157894736842105,7.0,19.0,2.7,0.02092951677439212,105.88579999999999,474.3103578947368
107,Tyrone Taylor,271.0,110.7,4.964285714285714,7.375,56.0,21.6,0.011018990929705215,186.10805,492.1629142857143
108,Jacob Nottingham,45.0,145.8,8.0,9.0,3.0,43.2,0.05555555555555555,206.1378,45.0
109,Willy Adames,555.0,553.5,3.2708333333333335,5.96078431372549,96.0,137.70000000000002,0.011619921491199966,547.3540745098039,582.5203666666666
110,Tim Lopes,11.0,407.70000000000005,7.0,6.815789473684211,1.0,102.60000000000001,0.013542628501077254,426.47837894736847,11.0
111,Derek Fisher,8.0,105.30000000000001,6.0,8.090909090909092,1.0,29.700000000000003,0.0371900826446281,178.24143636363635,8.0
112,Rowdy Tellez,325.0,342.90000000000003,6.382352941176471,5.035714285714286,34.0,75.60000000000001,0.004188440081915119,383.45687142857145,474.86249411764703
113,Eduardo Escobar,599.0,599.4000000000001,3.347826086956522,4.962264150943396,46.0,143.10000000000002,0.008629245466214942,589.0207433962265,589.7946782608695
114,Tommy Edman,691.0,612.9000000000001,2.0454545454545454,1.7962962962962963,154.0,145.8,0.0280264078030098,615.5049481481482,634.0024727272728
115,Paul Goldschmidt,679.0,623.7,2.3630573248407645,3.0,157.0,156.60000000000002,0.022538665079944644,618.1818000000001,625.3088560509553
116,Nolan Arenado,653.0,542.7,3.611464968152866,3.6875,157.0,129.60000000000002,0.00032118478155525825,549.9759250000001,595.3704101910828
117,Paul DeJong,402.0,469.8,6.31,4.311111111111111,100.0,121.50000000000001,0.005517078189300413,488.56655555555557,491.69624000000005
118,Tyler O'Neill,537.0,423.90000000000003,4.469230769230769,6.348837209302325,130.0,116.10000000000001,0.005319246076828137,441.7516604651163,555.1729230769231
119,Yadier Molina,473.0,421.20000000000005,5.228813559322034,6.119047619047619,118.0,113.4,0.005922099227936357,440.7300380952381,527.3210305084746
120,Dylan Carlson,619.0,321.3,2.924137931034483,7.387096774193548,145.0,83.7,0.012045631112942339,354.5281225806452,602.1904827586206
121,Justin Williams,137.0,16.200000000000003,7.4375,8.0,32.0,5.4,0.015950520833333332,107.41180000000001,137.0
122,Austin Dean,38.0,18.900000000000002,7.0,7.5,4.0,5.4,0.003472222222222222,112.04880000000001,38.0
123,Matt Carpenter,249.0,456.3,5.4772727272727275,5.6521739130434785,44.0,124.2,0.0009917767640314468,471.12293043478263,477.5975636363636
124,Lane Thomas,264.0,108.0,7.9,8.6,10.0,27.0,0.025000000000000005,177.8794,432.5888
125,Andrew Knizner,185.0,45.900000000000006,7.767441860465116,7.75,43.0,10.8,0.0002948290367165434,132.4103,419.4155720930233
126,Harrison Bader,401.0,337.5,7.098039215686274,8.805555555555555,102.0,97.2,0.024465453695397307,360.46107777777775,475.8804549019608
127,Ali Sanchez,4.0,27.0,8.0,9.0,1.0,10.8,0.05555555555555555,111.0978,4.0
128,Ian Happ,535.0,623.7,3.87603305785124,2.925925925925926,121.0,145.8,0.012143382731727152,618.548762962963,566.5277289256198
129,Willson Contreras,483.0,607.5,2.769911504424779,4.428571428571429,113.0,151.20000000000002,0.006358503718792449,598.1446571428571,578.0466336283185
130,Anthony Rizzo,576.0,656.1,3.1868131868131866,2.2280701754385963,91.0,153.9,0.015256378436596187,647.9259403508772,588.3853098901099
131,Kris Bryant,586.0,396.90000000000003,2.5555555555555554,2.0,90.0,94.5,0.009870244394053918,441.6958,602.894311111111
132,Joc Pederson,481.0,372.6,4.488372093023256,5.2894736842105265,43.0,102.60000000000001,0.0017276605973198726,405.95974736842106,543.5936186046512
133,Javier Baez,547.0,634.5,3.941860465116279,3.8947368421052633,86.0,153.9,0.0011255907504759545,622.3892736842105,567.6232930232558
134,Jason Heyward,353.0,488.70000000000005,6.293478260869565,6.163265306122449,92.0,132.3,0.0007414792556941503,494.5109836734694,482.22363478260866
135,David Bote,327.0,391.5,5.949367088607595,6.9714285714285715,79.0,94.5,0.002755692460181209,412.7473428571428,483.8425417721519
136,Jake Marisnick,198.0,91.80000000000001,6.37037037037037,7.125,27.0,21.6,0.0033662456180460296,172.22655000000003,449.6999407407408
137,Eric Sogard,180.0,345.6,7.421052631578948,4.9655172413793105,38.0,78.30000000000001,0.011190034142033642,385.9646275862069,425.27962105263157
138,Tony Wolters,30.0,294.3,8.2,8.971428571428572,5.0,94.5,0.03306122448979592,325.0793428571429,30.0
139,Austin Romine,62.0,364.5,7.071428571428571,7.783783783783784,14.0,99.9,0.007098590592799086,387.12293513513515,62.0
140,Nico Hoerner,170.0,340.20000000000005,6.930232558139535,8.303030303030303,43.0,89.10000000000001,0.01214222519760321,365.1105878787879,433.005711627907
141,Ildemaro Vargas,83.0,145.8,7.4,8.5,5.0,5.4,0.009444444444444445,208.6148,83.0
142,Sergio Alcantara,255.0,62.1,7.769230769230769,9.0,65.0,18.900000000000002,0.04273504273504273,139.1778,433.38012307692304
143,Robinson Chirinos,112.0,221.4,6.7272727272727275,9.0,22.0,27.0,0.03810835629017447,266.6178,112.0
144,Andrew Romine,64.0,10.8,7.866666666666666,8.0,15.0,2.7,0.006172839506172841,103.0918,64.0
145,Michael Hermosillo,38.0,27.0,4.285714285714286,8.0,7.0,5.4,0.018424036281179137,116.05180000000001,38.0
146,Josh Rojas,550.0,189.0,2.7815126050420167,3.0,119.0,43.2,0.0013347250664971872,270.42179999999996,591.2167462184874
147,Ketel Marte,374.0,526.5,1.9024390243902438,1.6444444444444444,82.0,121.50000000000001,0.003697844626744972,547.1372222222222,573.4364682926829
148,Christian Walker,445.0,656.1,4.44,3.9464285714285716,100.0,151.20000000000002,0.010014880952380952,639.4131928571429,537.35216
149,David Peralta,538.0,588.6,4.580645161290323,4.849056603773585,124.0,143.10000000000002,0.001239090314768351,580.9415735849057,553.1651354838709
150,Asdrubal Cabrera,352.0,575.1,3.782608695652174,4.313725490196078,69.0,137.70000000000002,0.00955612939007431,572.7936039215687,531.7790260869565
151,Eduardo Escobar,599.0,599.4000000000001,3.347826086956522,4.962264150943396,46.0,143.10000000000002,0.008629245466214942,589.0207433962265,589.7946782608695
152,Pavin Smith,545.0,118.80000000000001,3.92,6.545454545454546,125.0,29.700000000000003,0.00727648852157943,196.6976181818182,567.65648
153,Stephen Vogt,238.0,218.70000000000002,7.318181818181818,6.904761904761905,22.0,56.7,0.0027712186803095893,274.83760952380953,438.91810909090907
154,Tim Locastro,156.0,221.4,3.8461538461538463,2.4375,26.0,43.2,0.007395165598290599,299.128425,491.3198153846153
155,Carson Kelly,359.0,348.3,4.2375,8.114285714285714,80.0,94.5,0.013529797335600906,372.52562857142857,524.1649
156,Wyatt Mathisen,51.0,89.10000000000001,5.375,7.125,8.0,21.6,0.005208333333333333,170.06655,51.0
157,Josh VanMeter,310.0,213.3,4.358208955223881,3.2222222222222223,67.0,24.3,0.011856600542524156,288.7609111111111,511.97293134328356
158,Kole Calhoun,182.0,615.6,2.8,2.849056603773585,40.0,143.10000000000002,0.0030851973814326962,612.4495735849057,517.2504
159,Nick Ahmed,473.0,585.9000000000001,6.077586206896552,7.410714285714286,116.0,151.20000000000002,0.0063950136634122546,566.0911214285715,510.50175172413793
160,Andy Young,104.0,91.80000000000001,6.166666666666667,6.5,18.0,21.6,0.006751543209876544,175.32280000000003,104.0
161,Nick Heath,39.0,48.6,8.0,8.5,8.0,10.8,0.013888888888888888,130.8548,39.0
162,Daulton Varsho,315.0,310.5,6.305555555555555,6.896551724137931,72.0,78.30000000000001,0.0037829693160373132,348.3182827586207,474.3843111111111
163,Josh Reddick,158.0,567.0,6.090909090909091,5.925925925925926,33.0,145.8,0.010175013635544872,558.3267629629629,447.23774545454546
164,Ildemaro Vargas,83.0,145.8,7.4,8.5,5.0,5.4,0.009444444444444445,208.6148,83.0
165,Bryan Holaday,34.0,89.10000000000001,8.1,8.25,10.0,21.6,0.017916666666666668,164.4933,34.0
166,Mookie Betts,550.0,664.2,1.206896551724138,1.2075471698113207,116.0,143.10000000000002,0.0017948320332494862,659.4616113207547,622.4193379310344
167,Corey Seager,409.0,626.4000000000001,3.066666666666667,2.826923076923077,90.0,140.4,0.002786056931356077,621.1992230769231,557.3661333333333
168,Justin Turner,612.0,472.50000000000006,3.2928571428571427,3.261904761904762,140.0,113.4,0.00117283950617284,495.92432380952386,593.4839428571429
169,Cody Bellinger,350.0,656.1,5.620253164556962,4.303571428571429,79.0,151.20000000000002,0.0032270023255256287,637.6439071428572,494.9642632911393
170,Max Muncy,592.0,669.6,3.036764705882353,3.913793103448276,136.0,156.60000000000002,0.004977830687776265,650.3748689655173,594.5586705882354
171,Chris Taylor,582.0,577.8000000000001,4.628787878787879,6.163265306122449,132.0,132.3,0.001963923285373944,565.7909836734694,561.0111393939394
172,Gavin Lux,381.0,186.3,6.440860215053763,7.8125,93.0,43.2,0.0058056296248121175,244.42067500000002,484.9031139784946
173,Austin Barnes,225.0,280.8,7.846153846153846,8.925925925925926,52.0,72.9,0.03610532224215352,314.50476296296296,425.85581538461537
174,Will Smith,501.0,369.90000000000003,4.893805309734513,7.0588235294117645,113.0,91.80000000000001,0.006594111634202511,395.03438823529416,539.5595539823009
175,A.J. Pollock,422.0,567.0,6.020408163265306,5.148936170212766,98.0,126.9,0.0015027931393792233,562.175970212766,501.4347918367347
176,Edwin Rios,60.0,224.10000000000002,7.090909090909091,7.7894736842105265,11.0,51.300000000000004,0.0037239684683653446,274.77474736842106,60.0
177,Zach McKinstry,172.0,18.900000000000002,7.475,9.0,40.0,2.7,0.031076388888888893,104.61780000000002,422.6106
178,Matt Beaty,234.0,145.8,5.866666666666666,7.571428571428571,45.0,37.800000000000004,0.005091682763640434,213.2149428571429,466.8813333333334
179,Albert Pujols,296.0,440.1,5.954545454545454,5.2631578947368425,22.0,102.60000000000001,0.005925217931009923,460.0901157894737,477.53992727272725
180,Yoshi Tsutsugo,262.0,499.50000000000006,6.833333333333333,4.642857142857143,6.0,113.4,0.009983623078861173,510.68308571428577,453.3258666666667
181,Steven Souza Jr.,36.0,83.7,6.75,6.428571428571429,8.0,18.900000000000002,0.0067495748299319725,169.19665714285713,36.0
182,Billy McKinney,300.0,8.100000000000001,6.157894736842105,7.0,19.0,2.7,0.02092951677439212,105.88579999999999,474.3103578947368
183,Trea Turner,646.0,699.3000000000001,1.9807692307692308,1.3898305084745763,52.0,159.3,0.005083137992834588,686.638579661017,626.2842769230768
184,Austin Slater,306.0,280.8,2.43859649122807,2.0869565217391304,57.0,62.1,0.0003612182159485652,348.38501739130436,549.2119719298246
185,Mike Yastrzemski,532.0,607.5,3.672268907563025,1.5192307692307692,119.0,140.4,0.015275948817861052,612.5575307692308,569.965519327731
186,Donovan Solano,344.0,548.1,5.556962025316456,3.391304347826087,79.0,124.2,0.006486071722318156,555.7632782608696,495.01844050632906
187,Evan Longoria,291.0,564.3000000000001,4.91044776119403,4.62,67.0,135.0,0.0016895571891784858,562.6363200000001,497.22976716417907
188,Brandon Belt,381.0,483.3,3.388235294117647,4.073170731707317,85.0,110.7,0.005465462992886322,500.54531219512194,545.3939294117647
189,Wilmer Flores,436.0,575.1,4.785714285714286,3.82,98.0,135.0,0.0020642880281364242,575.23952,528.7014857142857
190,Brandon Crawford,549.0,521.1,5.369230769230769,7.0212765957446805,130.0,126.9,0.011579982255366175,516.1803957446808,539.738523076923
191,Mauricio Dubon,187.0,477.90000000000003,7.435897435897436,8.326086956521738,39.0,124.2,0.010984338010415276,475.15636521739134,426.3854564102564
192,Darin Ruf,312.0,270.0,3.8412698412698414,5.333333333333333,63.0,64.80000000000001,0.004373740236835475,323.66246666666666,522.6165968253969
193,Tommy La Stella,242.0,615.6,2.5925925925925926,3.3076923076923075,54.0,70.2,0.017237865132768582,610.1774923076923,533.3603851851851
194,Alex Dickerson,312.0,459.00000000000006,4.702702702702703,2.3684210526315788,74.0,102.60000000000001,0.016625613410071,489.5506421052632,505.5464432432433
195,Curt Casali,231.0,251.10000000000002,7.592592592592593,8.24,54.0,67.5,0.01971287913427831,294.14284000000004,432.08038518518515
196,Steven Duggar,297.0,97.2,7.136363636363637,9.0,66.0,27.0,0.037993572084481175,167.2578,454.3210181818182
197,Mike Tauchman,191.0,299.70000000000005,5.2439024390243905,5.777777777777778,41.0,72.9,0.008046483823933559,345.22068888888896,470.6220292682927
198,Chadwick Tromp,18.0,172.8,8.0,8.421052631578947,4.0,51.300000000000004,0.00984918436441982,230.60590526315792,18.0
199,Thairo Estrada,132.0,140.4,6.933333333333334,8.333333333333334,30.0,40.5,0.004691358024691359,205.12046666666666,132.0
200,Jaylin Davis,9.0,32.400000000000006,7.5,7.25,2.0,10.8,0.003472222222222222,124.08730000000001,9.0
201,Joey Bart,6.0,299.70000000000005,7.0,7.75,1.0,75.60000000000001,0.02784863945578231,335.4503,6.0
202,Kris Bryant,586.0,396.90000000000003,2.5555555555555554,2.0,90.0,94.5,0.009870244394053918,441.6958,602.894311111111
203,Jordan Luplow,193.0,248.4,2.4444444444444446,6.25,27.0,64.80000000000001,0.016905054488645023,301.8413,526.4960888888888
204,Jose Ramirez,636.0,685.8000000000001,3.0,2.2758620689655173,151.0,156.60000000000002,0.0291319857312723,671.4491793103449,604.0871999999999
205,Eddie Rosario,412.0,623.7,6.291666666666667,4.314814814814815,24.0,145.8,0.01650139079408627,611.6682074074074,494.05953333333326
206,Franmil Reyes,466.0,650.7,4.182608695652174,5.017241379310345,115.0,156.60000000000002,0.03404964309449473,629.7883862068966,546.6526260869565
207,Josh Naylor,250.0,280.8,6.2615384615384615,7.25,65.0,43.2,0.009870099852071006,322.8073,462.25655384615385
208,Yu Chang,251.0,35.1,7.142857142857143,8.333333333333334,63.0,8.100000000000001,0.012989557963102936,120.88046666666665,444.99234285714283
209,Roberto Perez,161.0,297.0,7.545454545454546,7.833333333333333,44.0,81.0,0.0017781348841954898,332.8774666666667,419.01447272727273
210,Andres Gimenez,210.0,356.40000000000003,8.135593220338983,7.827586206896552,59.0,78.30000000000001,0.009814105517945045,380.4259379310345,417.1202847457627
211,Ben Gamel,400.0,342.90000000000003,1.0,5.354838709677419,3.0,83.7,0.02098508498092265,381.8759290322581,596.5192
212,Amed Rosario,588.0,396.90000000000003,2.786764705882353,6.783783783783784,136.0,99.9,0.023675631057504712,417.9969351351352,598.7126705882354
213,Austin Hedges,312.0,224.10000000000002,8.349397590361447,8.0,83.0,8.100000000000001,0.009975645554103966,273.7318,433.28353734939753
214,Daniel Johnson,81.0,35.1,6.956521739130435,6.75,23.0,10.8,0.015969596723377444,128.7243,81.0
215,Harold Ramirez,361.0,29.700000000000003,5.387096774193548,4.666666666666667,93.0,8.100000000000001,0.01303940082989684,134.7251333333333,501.78449032258067
216,Rene Rivera,78.0,10.8,8.4375,9.0,16.0,2.7,0.017578125,98.1378,78.0
217,Bradley Zimmer,348.0,135.0,5.7023809523809526,7.153846153846154,84.0,35.1,0.004943638643272343,206.64364615384616,492.93681904761905
218,Ryan Lavarnway,30.0,29.700000000000003,7.5,7.333333333333333,8.0,8.100000000000001,0.007619598765432098,121.51446666666668,30.0
219,Oscar Mercado,238.0,251.10000000000002,6.696428571428571,8.307692307692308,56.0,70.2,0.007411649324424051,293.8074923076923,451.23877142857145
220,Myles Straw,638.0,232.20000000000002,7.301075268817204,5.684210526315789,93.0,51.300000000000004,0.0036712915855429567,291.6842210526316,519.2570924731183
221,Wilson Ramos,163.0,418.5,5.666666666666667,7.315789473684211,9.0,102.60000000000001,0.010793919496597242,432.6413789473684,456.6445333333333
222,Ty France,650.0,418.5,3.271523178807947,3.739130434782609,151.0,62.1,0.008025530815505619,450.360147826087,601.5066966887417
223,Kyle Seager,670.0,669.6,3.286624203821656,3.847457627118644,157.0,159.3,0.018481683998822416,650.7034949152543,605.2074547770701
224,Evan White,104.0,545.4000000000001,5.678571428571429,5.961538461538462,28.0,140.4,0.005680674636718592,540.8703384615385,104.0
225,Dylan Moore,377.0,429.3,7.4411764705882355,2.6666666666666665,102.0,97.2,0.019949740365766255,464.3131333333333,464.2808470588235
226,Jake Fraley,265.0,78.30000000000001,6.311475409836065,7.571428571428571,61.0,18.900000000000002,0.008463333375991264,159.2149428571429,464.26700327868855
227,J.P. Crawford,687.0,626.4000000000001,3.0253164556962027,1.3962264150943395,158.0,143.10000000000002,0.002118955730411835,628.2868943396227,613.785529113924
228,Luis Torrens,378.0,210.60000000000002,6.150537634408602,6.75,93.0,43.2,0.0007451086188512481,269.1243,490.05614623655913
229,Sam Haggerty,94.0,145.8,7.478260869565218,2.923076923076923,23.0,35.1,0.021643431778665165,236.24287692307695,94.0
230,Jose Marmolejos,122.0,310.5,5.516129032258065,5.966666666666667,31.0,81.0,0.0037041533382150787,352.92493333333334,122.0
231,Braden Bishop,5.0,91.80000000000001,9.0,8.333333333333334,1.0,24.3,0.014403292181069961,166.2404666666667,5.0
232,Kyle Lewis,147.0,653.4000000000001,3.5555555555555554,2.982456140350877,36.0,153.9,0.02440257021153707,642.0287122807018,495.27831111111107
233,Donovan Walton,69.0,37.800000000000004,8.38888888888889,7.75,18.0,10.8,0.03382201646090535,125.93030000000002,69.0
234,Jack Mayfield,290.0,126.9,7.432835820895522,8.846153846153847,67.0,35.1,0.0037329909667418457,191.77995384615386,447.0461253731343
235,Jacob Nottingham,45.0,145.8,8.0,9.0,3.0,43.2,0.05555555555555555,206.1378,45.0
236,Shed Long Jr.,121.0,345.6,7.838709677419355,5.709677419354839,31.0,83.7,0.0058966354491848776,382.27805806451613,121.0
237,Abraham Toro,375.0,261.90000000000003,6.666666666666667,7.0,30.0,51.300000000000004,0.006031941452070722,308.92580000000004,479.2285333333333
238,Corey Dickerson,365.0,567.0,5.583333333333333,2.803921568627451,36.0,137.70000000000002,0.013150064552569998,573.7931725490196,498.69586666666663
239,Starling Marte,526.0,675.0,2.0,2.9696969696969697,55.0,89.10000000000001,0.05223956739108255,659.3719212121212,601.9032
240,Jesus Aguilar,510.0,583.2,2.9741379310344827,3.06,116.0,135.0,0.0008711784912141628,585.48456,579.3996827586207
241,Adam Duvall,555.0,564.3000000000001,5.686274509803922,6.042553191489362,51.0,126.9,0.0025529737385347464,555.5889914893618,534.6559843137254
242,Brian Anderson,264.0,618.3000000000001,4.984126984126984,4.586206896551724,63.0,156.60000000000002,0.002908993537276823,606.0037310344828,490.3697396825397
243,Jazz Chisholm Jr.,507.0,167.4,2.2,7.705882352941177,120.0,45.900000000000006,0.018594611047033194,229.82885882352943,594.14
244,Jorge Alfaro,311.0,270.0,6.25,7.925925925925926,76.0,72.9,0.00834723177459689,310.818762962963,474.6852
245,Miguel Rojas,539.0,386.1,2.5,6.918918918918919,126.0,99.9,0.012885653830169774,408.68747567567567,594.5952
246,Garrett Cooper,250.0,359.1,3.709090909090909,4.515151515151516,55.0,89.10000000000001,0.006129986736047342,398.9957393939394,512.8358545454546
247,Lewis Brinson,290.0,302.40000000000003,4.9855072463768115,6.892857142857143,69.0,75.60000000000001,0.005317677025301474,341.85658571428576,495.5423884057971
248,Jon Berti,271.0,402.3,6.761904761904762,4.142857142857143,63.0,94.5,0.006808879930573051,435.4000857142857,456.54129523809524
249,Chad Wallach,66.0,129.60000000000002,7.666666666666667,8.692307692307692,18.0,35.1,0.019979545620571262,194.70210769230772,66.0
250,Jesus Sanchez,251.0,78.30000000000001,4.573770491803279,7.0,61.0,21.6,0.010534009301561707,162.0458,495.9013639344263
251,Sandy Leon,220.0,218.70000000000002,7.244897959183674,8.0,49.0,54.0,0.02478134110787172,269.4118,436.7703020408163
252,Magneuris Sierra,225.0,143.10000000000002,7.045454545454546,7.0,44.0,35.1,0.01114527469422574,213.88580000000002,441.7224727272727
253,Isan Diaz,277.0,59.400000000000006,5.65625,6.833333333333333,64.0,16.200000000000003,0.003053264853395061,147.7514666666667,479.65095
254,Monte Harrison,11.0,137.70000000000002,8.0,8.75,2.0,32.400000000000006,0.04282407407407407,200.89630000000002,11.0
255,Lewin Diaz,128.0,110.7,5.133333333333334,5.7272727272727275,30.0,29.700000000000003,0.0006948270584634222,194.2708909090909,128.0
256,Joe Panik,257.0,380.70000000000005,7.133333333333334,7.375,30.0,86.4,0.0006165605709876543,402.10805000000005,446.38106666666664
257,Alex Jackson,151.0,18.900000000000002,7.857142857142857,9.0,7.0,8.100000000000001,0.03174603174603175,104.61780000000002,410.8380571428571
258,Eddy Alvarez,74.0,110.7,7.3,7.0,20.0,27.0,0.0030555555555555553,187.9658,74.0
259,Kevin Pillar,347.0,602.1,6.036585365853658,3.6923076923076925,82.0,70.2,0.005439316552207231,597.4721076923078,486.1142243902439
260,Francisco Lindor,524.0,718.2,2.057377049180328,2.466666666666667,122.0,162.0,0.03437727479338157,696.4239333333334,600.3662163934425
261,Michael Conforto,479.0,629.1,4.373913043478261,3.150943396226415,115.0,143.10000000000002,0.007536412836915339,621.7540264150944,545.4617391304348
262,Pete Alonso,637.0,645.3000000000001,3.377483443708609,4.527272727272727,151.0,148.5,0.009384738937190782,627.895690909091,596.8069880794702
263,J.D. Davis,211.0,618.3000000000001,5.122448979591836,3.1153846153846154,49.0,140.4,0.01214761354366647,613.2901846153846,477.02875102040815
264,Jeff McNeil,426.0,564.3000000000001,4.245098039215686,3.5714285714285716,102.0,132.3,0.0024376719697705236,567.8309428571429,537.414337254902
265,James McCann,412.0,299.70000000000005,6.466019417475728,6.222222222222222,103.0,72.9,0.005191460825255719,343.01891111111115,490.60455922330095
266,Brandon Nimmo,386.0,607.5,1.1764705882352942,2.24,85.0,135.0,0.000718185313341023,608.98684,590.2222588235294
267,Dominic Smith,493.0,537.3000000000001,4.25,4.836734693877551,116.0,132.3,0.0022093319277446876,539.9626163265307,550.7171999999999
268,Jonathan Villar,505.0,558.9000000000001,4.254237288135593,5.2105263157894735,118.0,51.300000000000004,0.004230048818857397,555.390852631579,553.0332338983051
269,Luis Guillorme,156.0,183.60000000000002,7.114285714285714,7.666666666666667,35.0,40.5,0.00108843537414966,242.98313333333334,426.5585142857143
270,Tomas Nido,161.0,70.2,7.186046511627907,8.714285714285714,43.0,18.900000000000002,0.01590122257664559,147.07322857142856,426.1365023255814
271,Albert Almora Jr.,54.0,91.80000000000001,7.7272727272727275,8.666666666666666,11.0,16.200000000000003,0.03429496990103051,164.58913333333334,54.0
272,Jose Peraza,154.0,324.0,7.324324324324325,7.866666666666666,37.0,81.0,0.01165755845936026,354.31233333333336,421.9963891891892
273,Cameron Maybin,33.0,272.70000000000005,5.888888888888889,6.636363636363637,9.0,29.700000000000003,0.006274869911233548,319.36725454545456,33.0
274,Brandon Drury,88.0,132.3,6.0,7.571428571428571,17.0,37.800000000000004,0.004989250602201665,202.41494285714288,88.0
275,Billy McKinney,300.0,8.100000000000001,6.157894736842105,7.0,19.0,2.7,0.02092951677439212,105.88579999999999,474.3103578947368
276,Mason Williams,37.0,48.6,7.6,7.8,10.0,13.5,0.002222222222222222,134.3226,37.0
277,Travis Blankenhorn,24.0,10.8,8.333333333333334,7.0,3.0,2.7,0.02469135802469136,108.0458,24.0
278,Javier Baez,547.0,634.5,3.941860465116279,3.8947368421052633,86.0,153.9,0.0011255907504759545,622.3892736842105,567.6232930232558
279,Chance Sisco,83.0,326.70000000000005,8.0,5.9,2.0,81.0,0.025864197530864202,366.21520000000004,83.0
280,Victor Robles,369.0,510.3,6.0978260869565215,7.816326530612245,92.0,132.3,0.012491546134290297,503.60171836734696,489.30067826086963
281,Trea Turner,646.0,699.3000000000001,1.9807692307692308,1.3898305084745763,52.0,159.3,0.005083137992834588,686.638579661017,626.2842769230768
282,Juan Soto,654.0,529.2,2.787671232876712,3.0208333333333335,146.0,129.60000000000002,0.00625724963309309,542.4785916666667,611.8947068493151
283,Starlin Castro,346.0,170.10000000000002,5.564705882352941,3.5,85.0,43.2,0.022937782343329494,252.8248,495.2649882352941
284,Hernan Perez,21.0,16.200000000000003,6.8,8.0,5.0,2.7,0.02,107.41180000000001,21.0
285,Andrew Stevenson,213.0,126.9,6.131578947368421,4.0,38.0,32.400000000000006,0.005780624807633118,215.7878,457.43183157894737
286,Luis Garcia,247.0,375.3,7.032258064516129,7.111111111111111,62.0,97.2,0.0008712560789872228,399.09535555555556,446.3839741935484
287,Jordy Mercer,127.0,59.400000000000006,7.068965517241379,5.5,29.0,5.4,0.016200951248513677,154.35680000000002,127.0
288,Yan Gomes,375.0,321.3,5.878787878787879,6.612903225806452,33.0,83.7,0.0028717152924891075,358.36347741935487,494.8411393939394
289,Yadiel Hernandez,289.0,75.60000000000001,4.857142857142857,5.571428571428571,56.0,18.900000000000002,0.017520549886621314,166.96294285714288,497.8860571428571
290,Josh Bell,568.0,602.1,3.9763779527559056,4.0,127.0,148.5,0.005500871901651975,595.9478,571.139294488189
291,Kyle Schwarber,471.0,604.8000000000001,3.643835616438356,4.25,73.0,151.20000000000002,0.0039921825832979095,596.8693000000001,558.3289534246576
292,Josh Harrison,558.0,245.70000000000002,2.9361702127659575,5.954545454545454,47.0,59.400000000000006,0.013403771032685802,301.1449818181818,589.7520510638299
293,Alex Avila,111.0,167.4,7.035714285714286,8.88888888888889,28.0,48.6,0.035431713837798494,223.96824444444445,111.0
294,Rene Rivera,78.0,10.8,8.4375,9.0,16.0,2.7,0.017578125,98.1378,78.0
295,Carter Kieboom,249.0,329.40000000000003,6.137931034482759,7.21875,58.0,86.4,0.008922148009149164,361.84211250000004,464.5059586206897
296,Lane Thomas,264.0,108.0,7.9,8.6,10.0,27.0,0.025000000000000005,177.8794,432.5888
297,Keibert Ruiz,96.0,21.6,6.1,9.0,20.0,5.4,0.03833333333333333,106.77779999999998,96.0
298,Cedric Mullins II,675.0,413.1,1.0,5.368421052631579,149.0,102.60000000000001,0.015504770698676514,437.96864210526314,651.5192
299,Anthony Santander,438.0,445.50000000000006,3.6826923076923075,2.2162162162162162,104.0,99.9,0.023032994462958083,479.50466486486494,550.9589692307693
300,Ryan Mountcastle,586.0,378.0,3.9078014184397163,4.5588235294117645,141.0,91.80000000000001,0.0038702332898431177,413.8993882352941,576.0982070921985
301,Rio Ruiz,141.0,550.8000000000001,6.833333333333333,6.08,24.0,135.0,0.001874074074074074,544.6034800000001,429.12586666666664
302,Austin Hays,529.0,361.8,3.1596638655462184,4.935483870967742,119.0,83.7,0.008343309983192233,399.0734129032258,579.5233008403361
303,Maikel Franco,403.0,656.1,6.03,5.254237288135593,100.0,159.3,0.0021004021832806666,632.9343084745763,497.44471999999996
304,Freddy Galvis,394.0,429.3,5.507042253521127,7.4523809523809526,71.0,113.4,0.008234898873330402,440.60470476190477,506.0076507042253
305,Pedro Severino,419.0,480.6,6.349056603773585,4.9523809523809526,106.0,113.4,0.0043872967617225025,494.0297047619048,494.32229433962266
306,Chance Sisco,83.0,326.70000000000005,8.0,5.9,2.0,81.0,0.025864197530864202,366.21520000000004,83.0
307,Pat Valaika,281.0,405.0,8.01388888888889,7.394736842105263,72.0,102.60000000000001,0.002189806027685632,421.4502736842105,433.7319777777778
308,Ramon Urias,296.0,72.9,6.1891891891891895,8.333333333333334,74.0,16.200000000000003,0.014410807203599996,151.12046666666666,472.890227027027
309,D.J. Stewart,318.0,302.40000000000003,4.9480519480519485,5.0,77.0,81.0,0.004915981084812254,351.23380000000003,501.8846025974026
310,Kelvin Gutierrez,295.0,32.400000000000006,8.125,7.0,40.0,8.100000000000001,0.035312500000000004,125.32580000000002,434.3302
311,Jorge Mateo,209.0,75.60000000000001,7.333333333333333,8.333333333333334,30.0,16.200000000000003,0.006358024691358027,153.28046666666665,432.81786666666665
312,Jahmai Jones,72.0,18.900000000000002,7.684210526315789,8.0,19.0,5.4,0.010618651892890123,109.57180000000002,72.0
313,Tommy Pham,561.0,337.5,3.032520325203252,4.225806451612903,123.0,83.7,0.011216109386206595,383.1491548387097,588.4427772357724
314,Fernando Tatis Jr.,546.0,693.9000000000001,2.4645669291338583,1.5423728813559323,127.0,159.3,0.0043378901593897545,681.5628847457627,596.6973417322835
315,Manny Machado,640.0,685.8000000000001,3.1020408163265305,2.816666666666667,147.0,162.0,0.0016528671181246504,668.7700333333333,602.8651591836735
316,Eric Hosmer,565.0,421.20000000000005,4.969465648854962,4.027027027027027,131.0,99.9,0.006829073729666999,451.09390810810817,550.8602687022901
317,Wil Myers,500.0,588.6,5.6440677966101696,5.6,118.0,148.5,0.0014517349726667845,577.2214,524.4923525423728
318,Jake Cronenworth,643.0,518.4000000000001,3.489655172413793,6.32,145.0,135.0,0.011752305456467169,517.4945200000001,595.7841931034483
319,Jurickson Profar,412.0,545.4000000000001,5.404494382022472,7.48,89.0,135.0,0.0061353897515745775,533.34788,511.6397393258427
320,Victor Caratini,356.0,356.40000000000003,7.892857142857143,7.54054054054054,84.0,99.9,0.009337402073888558,381.84796216216216,451.13034285714286
321,Luis Campusano,38.0,10.8,7.333333333333333,7.0,9.0,2.7,0.021262002743484228,108.0458,38.0
322,Jorge Mateo,209.0,75.60000000000001,7.333333333333333,8.333333333333334,30.0,16.200000000000003,0.006358024691358027,153.28046666666665,432.81786666666665
323,Trent Grisham,527.0,680.4000000000001,3.625,2.8596491228070176,120.0,153.9,0.0028042602852159635,664.2370982456141,569.9022
324,Austin Nola,194.0,496.8,6.148936170212766,5.038461538461538,47.0,70.2,0.010215181215808023,506.5632615384616,453.2878808510638
325,Brian O'Grady,61.0,13.5,6.6,6.0,10.0,2.7,0.026111111111111116,115.1598,61.0
326,Adam Frazier,639.0,621.0,3.425531914893617,2.537037037037037,47.0,145.8,0.002654503141428123,618.3153185185186,596.2548595744681
327,Jake Marisnick,198.0,91.80000000000001,6.37037037037037,7.125,27.0,21.6,0.0033662456180460296,172.22655000000003,449.6999407407408
328,Andrew McCutchen,574.0,650.7,3.5789473684210527,1.0,133.0,140.4,0.016755548017914464,649.6898,580.2147789473684
329,Rhys Hoskins,443.0,499.50000000000006,3.5,2.0,100.0,110.7,0.014477777777777777,523.7758,555.5791999999999
330,Bryce Harper,599.0,658.8000000000001,3.1,2.8275862068965516,140.0,156.60000000000002,0.0012491742634429914,647.1159379310345,594.7056
331,J.T. Realmuto,537.0,526.5,3.4132231404958677,4.0,121.0,121.50000000000001,0.0057523280780647865,535.4678,576.0987702479339
332,Alec Bohm,417.0,486.00000000000006,5.584158415841584,5.590909090909091,101.0,118.80000000000001,0.007605806710283989,495.1864363636364,509.07951683168324
333,Didi Gregorius,408.0,639.9000000000001,5.704081632653061,5.017543859649122,98.0,153.9,0.0019161749787320157,621.1468877192983,504.9031183673469
334,Jean Segura,567.0,585.9000000000001,2.375,5.037037037037037,128.0,145.8,0.018823880354200007,577.8503185185186,602.6722
335,Adam Haseley,21.0,248.4,8.0,7.086956521739131,7.0,62.1,0.029930686830497797,297.69501739130436,21.0
336,Roman Quinn,62.0,313.20000000000005,7.357142857142857,8.482758620689655,14.0,78.30000000000001,0.02679869014589585,342.62021379310346,62.0
337,Andrew Knapp,159.0,240.3,7.315789473684211,7.695652173913044,38.0,62.1,0.0017445385260318573,288.1995391304348,423.16551578947366
338,Matt Joyce,69.0,399.6,3.0,3.918918918918919,9.0,99.9,0.013192872552231913,434.3494756756757,69.0
339,Brad Miller,377.0,461.70000000000005,4.974683544303797,4.377777777777778,79.0,121.50000000000001,0.01173117547155421,481.7562888888889,513.1568708860759
340,Ronald Torreyes,344.0,18.900000000000002,7.333333333333333,9.0,81.0,8.100000000000001,0.038535792308083114,104.61780000000002,459.81786666666665
341,Mickey Moniak,37.0,48.6,7.666666666666667,8.5,6.0,10.8,0.010802469135802469,130.8548,37.0
342,Scott Kingery,19.0,334.8,7.0,7.852941176470588,2.0,91.80000000000001,0.006968473663975395,363.0203294117647,19.0
343,Rafael Marchan,56.0,24.3,7.846153846153846,9.0,13.0,8.100000000000001,0.051610782380013154,108.9378,56.0
344,Travis Jankowski,157.0,45.900000000000006,6.533333333333333,8.666666666666666,30.0,8.100000000000001,0.007222222222222221,127.86913333333335,438.27066666666667
345,Jorge Bonifacio,12.0,253.8,5.333333333333333,6.090909090909091,3.0,59.400000000000006,0.011797265585144372,306.9494363636364,12.0
346,Freddy Galvis,394.0,429.3,5.507042253521127,7.4523809523809526,71.0,113.4,0.008234898873330402,440.60470476190477,506.0076507042253
347,Adam Frazier,639.0,621.0,3.425531914893617,2.537037037037037,47.0,145.8,0.002654503141428123,618.3153185185186,596.2548595744681
348,Ke'Bryan Hayes,396.0,256.5,1.8314606741573034,3.625,89.0,64.80000000000001,0.006108145385527766,321.32555,579.2429752808988
349,Bryan Reynolds,646.0,561.6,2.953020134228188,4.230769230769231,149.0,140.4,0.02365115934237907,562.4045692307692,607.0181530201342
350,Colin Moran,359.0,540.0,3.9411764705882355,3.9,85.0,135.0,0.0041770857362552856,546.7632,530.0368470588235
351,Kevin Newman,554.0,464.40000000000003,5.503703703703704,3.5365853658536586,135.0,110.7,0.003821857222219049,488.083556097561,538.0738074074073
352,Gregory Polanco,382.0,469.8,5.516483516483516,5.644444444444445,91.0,121.50000000000001,0.00075909799963524,481.9612222222222,503.42056263736265
353,Jacob Stallings,427.0,386.1,5.252427184466019,8.0,103.0,108.0,0.013705354337512176,403.33180000000004,517.6531029126214
354,Anthony Alford,148.0,78.30000000000001,6.545454545454546,8.666666666666666,33.0,16.200000000000003,0.016579940822365066,153.78913333333335,436.23047272727274
355,Phillip Evans,247.0,121.50000000000001,4.226415094339623,4.818181818181818,53.0,29.700000000000003,0.004745013159524957,207.4145272727273,501.984558490566
356,Michael Perez,231.0,251.10000000000002,7.517857142857143,8.962962962962964,56.0,72.9,0.035835766348148765,290.5612814814815,433.56134285714285
357,Erik Gonzalez,229.0,521.1,5.660377358490566,3.893617021276596,53.0,126.9,0.009422493168636047,531.6748212765957,469.96916226415095
358,Wilmer Difo,240.0,48.6,5.564102564102564,9.0,39.0,5.4,0.035539484257432974,128.3778,474.07694358974356
359,Todd Frazier,40.0,464.40000000000003,5.875,4.833333333333333,8.0,32.400000000000006,0.006076388888888891,481.6594666666667,40.0
360,Ben Gamel,400.0,342.90000000000003,1.0,5.354838709677419,3.0,83.7,0.02098508498092265,381.8759290322581,596.5192
361,Will Craig,65.0,10.8,5.8125,9.0,16.0,2.7,0.034505208333333336,98.1378,65.0
362,Ildemaro Vargas,83.0,145.8,7.4,8.5,5.0,5.4,0.009444444444444445,208.6148,83.0
363,Cole Tucker,131.0,313.20000000000005,4.964285714285714,5.785714285714286,28.0,75.60000000000001,0.0019132653061224487,355.9813714285715,131.0
364,Jared Oliva,43.0,43.2,8.0,8.25,8.0,10.8,0.024305555555555556,127.77330000000002,43.0
365,John Nogowski,143.0,10.8,4.785714285714286,9.0,28.0,2.7,0.04287131519274376,98.1378,470.10148571428573
366,Yoshi Tsutsugo,262.0,499.50000000000006,6.833333333333333,4.642857142857143,6.0,113.4,0.009983623078861173,510.68308571428577,453.3258666666667
367,Michael Chavis,124.0,426.6,3.4545454545454546,7.048780487804878,11.0,110.7,0.010288925707237318,440.44414146341467,124.0
368,Isiah Kiner-Falefa,677.0,615.6,2.2371794871794872,4.43859649122807,156.0,153.9,0.009741611943916796,604.5749929824561,627.4032512820513
369,David Dahl,220.0,267.3,5.381818181818182,3.6956521739130435,55.0,62.1,0.012046326818624463,329.6155391304348,473.6890909090909
370,Joey Gallo,616.0,610.2,3.863157894736842,4.053571428571429,95.0,151.20000000000002,0.004419850927443923,602.1624071428572,582.9828631578947
371,Nick Solak,511.0,629.1,5.072,3.5964912280701755,125.0,153.9,0.0022658694299100574,619.5467824561404,538.028448
372,Brock Holt,260.0,286.20000000000005,6.048387096774194,7.6,62.0,27.0,0.0041605966007630946,325.39340000000004,468.4803612903226
373,Eli White,220.0,140.4,6.017543859649122,8.571428571428571,57.0,37.800000000000004,0.008608875991147461,203.9409428571429,461.091550877193
374,Leody Taveras,185.0,361.8,5.826086956521739,2.1875,46.0,86.4,0.00927539513757614,412.686925,457.88546086956524
375,Jose Trevino,302.0,224.10000000000002,7.9625,5.7,80.0,54.0,0.007248263888888887,285.12600000000003,438.95029999999997
376,Charlie Culberson,271.0,18.900000000000002,7.44,8.0,75.0,2.7,0.015782716049382712,109.57180000000002,443.10416
377,Ronald Guzman,17.0,232.20000000000002,6.0,7.3478260869565215,4.0,62.1,0.037072043688300776,283.4426695652174,17.0
378,Jonah Heim,285.0,110.7,6.986666666666666,8.583333333333334,75.0,32.400000000000006,0.007059876543209877,180.12196666666665,454.8874133333333
379,Anderson Tejeda,17.0,207.9,7.0,7.523809523809524,5.0,56.7,0.008883849836230789,263.1308476190476,17.0
380,Adolis Garcia,622.0,18.900000000000002,3.503401360544218,7.0,147.0,5.4,0.026782179236017913,114.52580000000002,591.3117986394558
381,Willie Calhoun,284.0,291.6,3.462686567164179,4.08,67.0,67.5,0.010272874433801144,347.15148,524.5186029850746
382,Khris Davis,114.0,267.3,7.0,6.28,14.0,67.5,0.004124263038548753,316.81268,114.0
383,Jason Martin,154.0,29.700000000000003,7.45945945945946,9.0,37.0,8.100000000000001,0.024673321970619264,113.2578,419.31855135135135
384,Yoshi Tsutsugo,262.0,499.50000000000006,6.833333333333333,4.642857142857143,6.0,113.4,0.009983623078861173,510.68308571428577,453.3258666666667
385,Austin Meadows,591.0,410.40000000000003,3.3282442748091605,1.7272727272727273,131.0,89.10000000000001,0.013486590124421143,453.8468909090909,588.5827114503816
386,Randy Arozarena,604.0,205.20000000000002,2.585185185185185,2.235294117647059,135.0,45.900000000000006,0.005176335576324184,287.17015294117647,605.9071703703704
387,Brandon Lowe,615.0,604.8000000000001,2.9328358208955225,2.4489795918367347,134.0,132.3,0.019247463534583915,605.7915551020409,601.2181253731344
388,Yandy Diaz,541.0,372.6,3.796747967479675,2.5,123.0,81.0,0.012563068720118094,419.77880000000005,569.2988422764228
389,Kevin Kiermaier,390.0,429.3,7.732673267326732,7.341463414634147,101.0,110.7,0.005495055368972735,441.15419024390246,461.1045465346535
390,Willy Adames,555.0,553.5,3.2708333333333335,5.96078431372549,96.0,137.70000000000002,0.011619921491199966,547.3540745098039,582.5203666666666
391,Mike Zunino,375.0,226.8,7.752577319587629,8.84,97.0,67.5,0.014901222234031246,271.73044,457.71012783505154
392,Joey Wendle,501.0,496.8,5.897435897435898,5.088888888888889,117.0,121.50000000000001,0.0016279088643761008,506.31344444444443,519.6716102564103
393,Manuel Margot,464.0,429.3,4.461538461538462,6.108108108108108,104.0,99.9,0.0030442519722665264,447.26423243243244,540.7253538461539
394,Francisco Mejia,277.0,113.4,7.573529411764706,8.083333333333334,68.0,32.400000000000006,0.008431586142082104,184.75896666666665,441.6581411764706
395,Mike Brosseau,169.0,264.6,5.6,3.8260869565217392,40.0,62.1,0.0040541640411678225,326.8093652173913,459.1656
396,Brett Phillips,292.0,159.3,8.452054794520548,8.0,73.0,18.900000000000002,0.029649089885532,221.89180000000002,427.2492821917808
397,Kevan Smith,106.0,102.60000000000001,7.814814814814815,7.9,27.0,27.0,0.009703551287913427,177.0272,106.0
398,Ji-Man Choi,305.0,391.5,3.8028169014084505,3.28125,71.0,86.4,0.011912086515572306,431.0284875,521.9785802816901
399,Nelson Cruz,584.0,577.8000000000001,2.7735849056603774,3.25,53.0,140.4,0.0038282207982279185,580.2233000000001,598.1738415094339
400,Jordan Luplow,193.0,248.4,2.4444444444444446,6.25,27.0,64.80000000000001,0.016905054488645023,301.8413,526.4960888888888
401,Enrique Hernandez,585.0,399.6,1.6076923076923078,7.875,130.0,86.4,0.030541918351413542,414.75105,621.4771692307693
402,Alex Verdugo,604.0,596.7,3.4744525547445257,2.7,137.0,135.0,0.02295535427803529,598.068,588.2854481751825
403,J.D. Martinez,634.0,639.9000000000001,3.5405405405405403,3.240740740740741,148.0,145.8,0.006030986497564186,629.9491703703704,592.9758486486487
404,Xander Bogaerts,603.0,607.5,3.6713286713286712,3.6226415094339623,143.0,143.10000000000002,0.00013169109629786754,602.1372339622642,584.184151048951
405,Rafael Devers,664.0,669.6,4.129032258064516,2.2363636363636363,155.0,148.5,0.0206847779660191,658.6848545454545,587.3142967741935
406,Hunter Renfroe,572.0,375.3,5.585714285714285,5.647058823529412,140.0,91.80000000000001,0.0019424142205901973,406.3482705882353,540.0486857142857
407,Marwin Gonzalez,307.0,537.3000000000001,6.75,6.411764705882353,8.0,137.70000000000002,0.005894167307445854,532.1599176470588,463.9772
408,Christian Vazquez,498.0,510.3,6.878048780487805,4.977777777777778,123.0,121.50000000000001,0.008445035248304906,517.6638888888889,499.63978536585364
409,Bobby Dalbec,453.0,248.4,7.87719298245614,7.043478260869565,114.0,62.1,0.004522742977675454,297.91040869565217,470.84074385964914
410,Franchy Cordero,136.0,113.4,8.45945945945946,6.888888888888889,37.0,24.3,0.009915320726131537,190.67624444444445,136.0
411,Kevin Plawecki,173.0,240.3,7.5,6.1,44.0,54.0,0.0073461891643709825,296.1044,422.3152
412,Christian Arroyo,181.0,145.8,6.068181818181818,7.6923076923076925,44.0,35.1,0.01367731918431219,212.6161076923077,452.2881090909091
413,Michael Chavis,124.0,426.6,3.4545454545454546,7.048780487804878,11.0,110.7,0.010288925707237318,440.44414146341467,124.0
414,Jonathan Arauz,75.0,216.0,8.947368421052632,8.352941176470589,19.0,45.900000000000006,0.0006193015471356105,265.5033294117647,75.0
415,Danny Santana,127.0,170.10000000000002,5.137931034482759,2.5714285714285716,29.0,37.800000000000004,0.015944804398176235,257.42494285714287,127.0
416,Kyle Schwarber,471.0,604.8000000000001,3.643835616438356,4.25,73.0,151.20000000000002,0.0039921825832979095,596.8693000000001,558.3289534246576
417,Travis Shaw,250.0,486.00000000000006,4.604166666666667,4.953488372093023,48.0,116.10000000000001,0.008506941836261177,498.3442186046512,495.0990333333333
418,Yairo Munoz,11.0,121.50000000000001,5.0,5.666666666666667,2.0,32.400000000000006,0.011188271604938273,203.21113333333335,11.0
419,Jose Iglesias,511.0,405.0,5.900900900900901,2.6,111.0,94.5,0.01951843735627519,445.2034,521.6029477477477
420,Jesse Winker,485.0,494.1,1.7428571428571429,4.208333333333333,105.0,129.60000000000002,0.022944302721088435,508.51571666666666,598.7987428571429
421,Nick Castellanos,585.0,653.4000000000001,2.7573529411764706,2.3389830508474576,136.0,159.3,0.024899007730602364,645.2164779661018,598.6954941176471
422,Joey Votto,533.0,602.1,3.865079365079365,2.0555555555555554,126.0,145.8,0.018501021807900114,605.5805777777778,566.3447873015873
423,Eugenio Suarez,574.0,623.7,5.007462686567164,3.8596491228070176,134.0,153.9,0.016211882426839602,613.923098245614,551.907319402985
424,Mike Moustakas,206.0,440.1,4.795918367346939,4.8604651162790695,49.0,116.10000000000001,0.0021953675382287816,462.0850558139535,482.49928163265304
425,Nick Senzel,124.0,210.60000000000002,4.172413793103448,5.9,29.0,54.0,0.005990718721099221,273.3352,124.0
426,Tucker Barnhart,388.0,297.0,7.061855670103093,8.848484848484848,97.0,89.10000000000001,0.028107549394389524,327.84840606060607,473.9974680412371
427,Tyler Naquin,454.0,380.70000000000005,4.443396226415095,6.09375,106.0,86.4,0.021389793564089633,408.45536250000004,539.0848603773585
428,Tyler Stephenson,402.0,54.0,4.2560975609756095,6.0,82.0,10.8,0.010995026108797675,147.5598,532.3963707317073
429,Kyle Farmer,529.0,189.0,6.390625,8.368421052631579,128.0,51.300000000000004,0.009220328761013002,243.82664210526315,515.498575
430,Max Schrock,134.0,45.900000000000006,4.821428571428571,7.5,28.0,10.8,0.010345804988662131,133.64880000000002,134.0
431,Shogo Akiyama,183.0,494.1,7.59375,3.276595744680851,32.0,126.9,0.01996893724693174,513.1315446808511,422.45745
432,Scott Heineman,34.0,145.8,7.142857142857143,7.928571428571429,7.0,37.800000000000004,0.007086167800453513,211.44565714285716,34.0
433,Mike Freeman,65.0,116.10000000000001,8.0,4.5,11.0,21.6,0.0230214072543618,204.67079999999999,65.0
434,Aristides Aquino,204.0,151.20000000000002,6.375,5.214285714285714,40.0,37.800000000000004,0.002619047619047619,229.2122285714286,450.80820000000006
435,Delino DeShields,58.0,324.0,7.6,8.774193548387096,15.0,83.7,0.033693811744453434,349.81644516129035,58.0
436,Asdrubal Cabrera,352.0,575.1,3.782608695652174,4.313725490196078,69.0,137.70000000000002,0.00955612939007431,572.7936039215687,531.7790260869565
437,Raimel Tapia,533.0,556.2,1.4824561403508771,2.5833333333333335,114.0,129.60000000000002,0.001162684137854383,566.2459666666667,613.558849122807
438,Trevor Story,595.0,699.3000000000001,3.257142857142857,2.2542372881355934,140.0,159.3,0.022140034889757878,682.3563084745763,590.791657142857
439,Charlie Blackmon,582.0,666.9000000000001,3.5481481481481483,3.3389830508474576,135.0,159.3,0.0011657132689001169,651.0624779661017,582.4250962962963
440,C.J. Cron,547.0,140.4,4.893939393939394,4.0,132.0,35.1,0.022650749923477195,226.58780000000002,548.756896969697
441,Elias Diaz,371.0,197.10000000000002,6.977011494252873,7.6,87.0,40.5,0.004019318565493753,254.1134,472.2787402298851
442,Chris Owings,50.0,118.80000000000001,6.3,7.545454545454546,10.0,29.700000000000003,0.007786960514233243,191.7436181818182,50.0
443,Garrett Hampson,494.0,496.8,4.064814814814815,5.659090909090909,108.0,118.80000000000001,0.002336071149202462,503.48866363636364,554.5868296296296
444,Ryan McMahon,596.0,521.1,4.64748201438849,6.708333333333333,139.0,129.60000000000002,0.006609544249093132,517.7307166666667,563.4406964028777
445,Sam Hilliard,238.0,307.8,7.218181818181818,7.814814814814815,55.0,72.9,0.007436379003906126,341.60920740740744,440.8997090909091
446,Matt Adams,40.0,137.70000000000002,5.714285714285714,5.153846153846154,7.0,35.1,0.02562089924727288,218.71164615384617,40.0
447,Brendan Rodgers,415.0,56.7,3.4166666666666665,7.0,96.0,10.8,0.033257378472222224,144.7658,551.6305333333333
448,Rio Ruiz,141.0,550.8000000000001,6.833333333333333,6.08,24.0,135.0,0.001874074074074074,544.6034800000001,429.12586666666664
449,Whit Merrifield,720.0,715.5,1.0,1.1475409836065573,162.0,164.70000000000002,4.47908268386635e-05,700.7988819672131,660.5192
450,Andrew Benintendi,538.0,140.4,3.868217054263566,3.25,129.0,32.400000000000006,0.019568260120585698,230.30330000000004,567.2826108527131
451,Carlos Santana,659.0,688.5,3.0641025641025643,4.016393442622951,156.0,164.70000000000002,0.026979600065524374,664.9865868852459,607.4169435897436
452,Salvador Perez,665.0,421.20000000000005,3.24375,3.2432432432432434,160.0,99.9,1.4266800584369424e-08,454.976772972973,605.05705
453,Jorge Soler,602.0,469.8,1.8653846153846154,2.857142857142857,52.0,113.4,0.009935030882833082,495.7695142857143,619.7707384615385
454,Hunter Dozier,543.0,502.20000000000005,6.2773722627737225,3.590909090909091,137.0,118.80000000000001,0.008762355890750632,518.0544363636363,520.5427912408759
455,Nicky Lopez,565.0,518.4000000000001,6.461538461538462,7.529411764705882,143.0,137.70000000000002,0.004997281741298969,511.50309411764715,521.2933538461539
456,Hanser Alberto,255.0,623.7,7.392857142857143,2.7169811320754715,56.0,143.10000000000002,0.015240974608663924,619.5838754716981,440.83834285714283
457,Ryan McBroom,9.0,229.50000000000003,8.0,5.421052631578948,1.0,51.300000000000004,0.03755001538935057,290.8279052631579,9.0
458,Jarrod Dyson,149.0,178.20000000000002,9.0,8.2,3.0,40.5,0.02740740740740741,236.02100000000002,387.7912
459,Cam Gallagher,124.0,162.0,8.5,8.944444444444445,32.0,48.6,0.010973936899862825,219.37302222222223,124.0
460,Ryan O'Hearn,254.0,356.40000000000003,5.84375,4.580645161290323,64.0,83.7,0.006012904987209505,396.51128387096776,471.3354499999999
461,Kelvin Gutierrez,295.0,32.400000000000006,8.125,7.0,40.0,8.100000000000001,0.035312500000000004,125.32580000000002,434.3302
462,Adalberto Mondesi,136.0,629.1,5.852941176470588,5.116666666666666,34.0,162.0,0.01073716305694391,612.0158333333334,136.0
463,Edward Olivares,111.0,272.70000000000005,6.6923076923076925,8.25,26.0,21.6,0.012948923405654176,311.37330000000003,111.0
464,Robbie Grossman,671.0,518.4000000000001,1.9342105263157894,5.2,152.0,121.50000000000001,0.02061948073291307,523.0430000000001,632.2068842105263
465,Jeimer Candelario,626.0,556.2,3.8993288590604025,4.411764705882353,149.0,137.70000000000002,0.007355350003236175,557.1879176470588,584.266099328859
466,Willi Castro,450.0,378.0,6.6521739130434785,4.285714285714286,115.0,94.5,0.010464788309778856,415.25237142857145,494.5157217391304
467,Miguel Cabrera,526.0,623.7,3.7086614173228347,3.0,127.0,151.20000000000002,0.027900055800111605,618.1818000000001,568.0443653543307
468,Jonathan Schoop,674.0,477.90000000000003,2.9358974358974357,2.5,156.0,118.80000000000001,0.0012783987142961498,504.01880000000006,612.9574564102564
469,Nomar Mazara,181.0,402.3,5.553191489361702,7.315789473684211,47.0,102.60000000000001,0.012472654120270458,419.68137894736844,462.49315744680854
470,Wilson Ramos,163.0,418.5,5.666666666666667,7.315789473684211,9.0,102.60000000000001,0.010793919496597242,432.6413789473684,456.6445333333333
471,Victor Reyes,220.0,575.1,7.857142857142857,2.58,56.0,135.0,0.018095918367346944,581.38248,424.6380571428571
472,JaCoby Jones,105.0,291.6,8.444444444444445,7.464285714285714,27.0,75.60000000000001,0.004381467950691937,330.38572857142856,105.0
473,Niko Goodrum,325.0,483.3,6.025316455696203,3.1463414634146343,79.0,110.7,0.010548856822195963,505.13682439024393,481.93752911392403
474,Harold Castro,339.0,145.8,5.575,3.75,80.0,32.400000000000006,0.003826195987654321,232.1463,493.66099999999994
475,Grayson Greiner,82.0,148.5,8.28,8.0,25.0,43.2,0.009155555555555554,213.2518,82.0
476,Renato Nunez,55.0,583.2,5.142857142857143,4.117647058823529,14.0,137.70000000000002,0.010971926897120505,580.2449764705883,55.0
477,Eric Haase,381.0,51.300000000000004,5.395604395604396,7.0,91.0,13.5,0.028988715801902612,140.44580000000002,505.61590329670327
478,Derek Hill,150.0,32.400000000000006,7.7560975609756095,8.0,41.0,2.7,0.03893185273316148,120.37180000000002,412.6403707317073
479,Isaac Paredes,85.0,291.6,6.238095238095238,8.655172413793103,21.0,78.30000000000001,0.020065435783685037,324.48607586206896,85.0
480,Daz Cameron,115.0,159.3,6.37037037037037,7.5625,27.0,43.2,0.008726994741655234,224.059175,115.0
481,Dustin Garneau,68.0,124.2,7.7894736842105265,8.923076923076923,19.0,35.1,0.033214589468584785,189.23887692307693,68.0
482,Luis Arraez,479.0,326.70000000000005,2.688073394495413,5.870967741935484,109.0,83.7,0.014995941611562123,366.35902580645165,578.8683376146789
483,Josh Donaldson,543.0,275.40000000000003,2.746031746031746,2.04,126.0,67.5,0.007678262086727695,344.29764,590.5198349206349
484,Jorge Polanco,644.0,610.2,3.0684931506849313,2.69811320754717,146.0,143.10000000000002,0.0017057717678513997,608.8773471698114,604.3299397260273
485,Miguel Sano,532.0,553.5,5.74015748031496,5.226415094339623,127.0,143.10000000000002,0.001274314561603293,550.9921396226415,528.9882393700788
486,Max Kepler,490.0,529.2,4.3628318584070795,2.2127659574468086,113.0,126.9,0.008526898016020131,546.4817574468085,547.8813238938053
487,Byron Buxton,254.0,364.5,2.23728813559322,6.911764705882353,59.0,91.80000000000001,0.012200865554438932,391.44291764705883,542.8010983050847
488,Mitch Garver,243.0,218.70000000000002,4.678571428571429,4.4,56.0,54.0,0.0030753968253968253,287.2462,492.2246285714285
489,Andrelton Simmons,451.0,342.90000000000003,8.71774193548387,6.166666666666667,124.0,81.0,0.004894030780693979,377.8541333333334,453.7844258064516
490,Jake Cave,178.0,332.1,7.487804878048781,6.448275862068965,41.0,78.30000000000001,0.0024855210705176855,367.81904137931036,423.5568585365853
491,Ryan Jeffers,293.0,167.4,7.207792207792208,8.9,77.0,54.0,0.019498229043683594,223.91320000000002,452.1055896103896
492,Nelson Cruz,584.0,577.8000000000001,2.7735849056603774,3.25,53.0,140.4,0.0038282207982279185,580.2233000000001,598.1738415094339
493,Brent Rooker,213.0,56.7,4.230769230769231,5.0,52.0,18.900000000000002,0.009534879040373544,154.6738,495.0982769230769
494,Willians Astudillo,216.0,43.2,7.078431372549019,8.75,51.0,10.8,0.015107704301764276,125.29630000000002,439.26900392156864
495,Kyle Garlick,107.0,62.1,3.3333333333333335,8.375,24.0,21.6,0.01398533950617284,142.27405,107.0
496,JT Riddle,6.0,186.3,9.0,7.368421052631579,2.0,51.300000000000004,0.03000923361034164,246.62064210526316,6.0
497,Rob Refsnyder,157.0,91.80000000000001,5.837837837837838,8.444444444444445,37.0,24.3,0.009508507506505504,165.69002222222224,452.0526054054054
498,Tim Anderson,551.0,596.7,1.064516129032258,1.0,124.0,132.3,3.6131344664122984e-06,606.4898000000001,625.4407483870967
499,Adam Eaton,288.0,475.20000000000005,7.2631578947368425,2.4,19.0,108.0,0.020777546937519237,502.35420000000005,450.0084631578947
500,Jose Abreu,659.0,707.4000000000001,3.3684210526315788,3.3833333333333333,152.0,162.0,1.235422865155089e-05,683.2427666666667,601.3865684210526
501,Yoan Moncada,616.0,623.7,3.4930555555555554,2.7058823529411766,144.0,137.70000000000002,0.014193157027093097,619.6388588235294,590.3168111111111
502,Yasmani Grandal,375.0,523.8000000000001,4.955555555555556,3.0444444444444443,90.0,121.50000000000001,0.01299039780521262,538.0416222222223,513.1359111111111
503,Leury Garcia,474.0,170.10000000000002,6.870689655172414,6.866666666666666,116.0,40.5,0.0010873115485679893,236.14633333333336,494.9856137931034
504,Luis Robert,296.0,612.9000000000001,3.3823529411764706,5.945454545454545,68.0,148.5,0.010160205388264525,594.9500181818182,528.5104941176471
505,Zack Collins,231.0,48.6,7.771929824561403,7.25,57.0,10.8,0.008845670462706474,137.0473,428.5266385964912
506,Nick Madrigal,215.0,294.3,6.509433962264151,8.482758620689655,53.0,78.30000000000001,0.004460611831221588,327.50021379310346,450.34425660377354
507,Billy Hamilton,135.0,97.2,8.25,1.0,28.0,2.7,0.038052721088435375,206.88979999999998,135.0
508,Jake Lamb,170.0,267.3,8.333333333333334,6.461538461538462,9.0,35.1,0.011590815009618428,315.9133384615385,405.20186666666666
509,Danny Mendick,186.0,307.8,8.666666666666666,8.241379310344827,51.0,78.30000000000001,0.0031088330560179174,339.49600689655176,401.79653333333334
510,Adam Engel,140.0,251.10000000000002,5.264705882352941,8.333333333333334,34.0,64.80000000000001,0.010986025673886112,293.6804666666667,460.00978823529414
511,Brian Goodwin,271.0,442.8,5.184615384615385,6.576923076923077,65.0,70.2,0.005364891518737673,455.7417230769231,487.7968615384615
512,Eloy Jimenez,231.0,610.2,4.290909090909091,4.407407407407407,55.0,145.8,0.007568772901732124,600.4095037037038,497.50654545454546
513,DJ LeMahieu,679.0,583.2,1.0612244897959184,1.0,147.0,126.9,1.7996616636072446e-05,595.6898,651.1059755102041
514,Aaron Judge,633.0,307.8,2.625,2.0,144.0,70.2,0.021701388888888888,370.4158,610.9182
515,Aaron Hicks,126.0,569.7,4.833333333333333,3.122448979591837,30.0,132.3,0.005810490484931689,574.375187755102,126.0
516,Giancarlo Stanton,579.0,253.8,3.514925373134328,3.8260869565217392,134.0,62.1,0.004728968508471943,318.1693652173913,582.4834388059701
517,Gleyber Torres,516.0,432.0,4.796747967479675,4.5,123.0,108.0,0.0029628642746454565,457.3908,544.4828422764227
518,Gio Urshela,442.0,469.8,6.0,5.857142857142857,108.0,113.4,0.0015005373434238804,480.9075142857143,505.8392
519,Gary Sanchez,440.0,480.6,5.733333333333333,6.866666666666666,105.0,121.50000000000001,0.0027339660143892944,484.54633333333334,510.72346666666664
520,Jay Bruce,39.0,278.1,6.8,6.541666666666667,10.0,64.80000000000001,0.00782793209876543,324.15638333333334,39.0
521,Clint Frazier,218.0,432.0,7.454545454545454,5.512820512820513,55.0,105.30000000000001,0.006600123523200446,452.3732871794872,432.2159272727273
522,Brett Gardner,461.0,426.6,6.62280701754386,7.05,114.0,108.0,0.0012486534318251767,440.4381,497.29765614035085
523,Kyle Higashioka,211.0,129.60000000000002,8.206896551724139,8.076923076923077,58.0,35.1,0.0004200018605945616,197.75072307692312,415.9073379310345
524,Mike Tauchman,191.0,299.70000000000005,5.2439024390243905,5.777777777777778,41.0,72.9,0.008046483823933559,345.22068888888896,470.6220292682927
525,Tyler Wade,145.0,283.5,8.63888888888889,8.89655172413793,36.0,78.30000000000001,0.0036883409260319478,316.8102827586207,394.14697777777775
526,Rougned Odor,361.0,399.6,6.044943820224719,5.131578947368421,89.0,102.60000000000001,0.002532282567671856,428.3419578947369,488.748593258427
527,Mike Ford,72.0,226.8,6.111111111111111,4.833333333333333,18.0,48.6,0.0042866941015089165,291.5794666666667,72.0
528,Miguel Andujar,162.0,175.5,7.348837209302325,6.722222222222222,43.0,48.6,0.0174019842409162,241.1819111111111,423.1106418604651
529,Luke Voit,241.0,631.8000000000001,4.254545454545455,3.0545454545454547,55.0,148.5,0.008466483011937555,624.3915818181819,500.2271272727273
530,Estevan Florial,25.0,8.100000000000001,8.428571428571429,7.0,7.0,2.7,0.0419501133786848,105.88579999999999,25.0
531,Tim Locastro,156.0,221.4,3.8461538461538463,2.4375,26.0,43.2,0.007395165598290599,299.128425,491.3198153846153
532,Greg Allen,48.0,86.4,8.090909090909092,8.666666666666666,11.0,16.200000000000003,0.0030736659524538325,160.26913333333334,48.0
533,Rob Brantly,21.0,8.100000000000001,7.8,9.0,5.0,2.7,0.00888888888888889,95.9778,21.0
534,Joey Gallo,616.0,610.2,3.863157894736842,4.053571428571429,95.0,151.20000000000002,0.004419850927443923,602.1624071428572,582.9828631578947
535,Anthony Rizzo,576.0,656.1,3.1868131868131866,2.2280701754385963,91.0,153.9,0.015256378436596187,647.9259403508772,588.3853098901099
536,Jonathan Davis,103.0,91.80000000000001,8.25,8.11111111111111,20.0,24.3,0.002429698216735254,167.34135555555557,103.0
537,Andrew Velazquez,68.0,207.9,8.3,8.80952380952381,20.0,56.7,0.004105568153187201,256.76141904761903,68.0
538,,,,,,,,,,
539,,,,,,,,,,
540,,,,,,,,,,
541,,,,,,,,,,
542,,,,,,,,,,
543,,,,,,,,,,
544,,,,,,,,,,
545,,,,,,,,,,
546,,,,,,,,,,
547,,,,,,,,,,
548,,,,,,,,,,
549,,,,,,,,,,
550,,,,,,,,,,
551,,,,,,,,,,
552,,,,,,,,,,
553,,,,,,,,,,
554,,,,,,,,,,
555,,,,,,,,,,
556,,,,,,,,,,
557,,,,,,,,,,
558,,,,,,,,,,
559,,,,,,,,,,
560,,,,,,,,,,
561,,,,,,,,,,
562,,,,,,,,,,
563,,,,,,,,,,
564,,,,,,,,,,
565,,,,,,,,,,
566,,,,,,,,,,
567,,,,,,,,,,
568,,,,,,,,,,
569,,,,,,,,,,
570,,,,,,,,,,
571,,,,,,,,,,
572,,,,,,,,,,
573,,,,,,,,,,
574,,,,,,,,,,
575,,,,,,,,,,
576,,,,,,,,,,
577,,,,,,,,,,
578,,,,,,,,,,
579,,,,,,,,,,
580,,,,,,,,,,
581,,,,,,,,,,
582,,,,,,,,,,
583,,,,,,,,,,
584,,,,,,,,,,
585,,,,,,,,,,
586,,,,,,,,,,
587,,,,,,,,,,
588,,,,,,,,,,
589,,,,,,,,,,
590,,,,,,,,,,
591,,,,,,,,,,
592,,,,,,,,,,
593,,,,,,,,,,
594,,,,,,,,,,
595,,,,,,,,,,
596,,,,,,,,,,
597,,,,,,,,,,
598,,,,,,,,,,
599,,,,,,,,,,
600,,,,,,,,,,
601,,,,,,,,,,
602,,,,,,,,,,
603,,,,,,,,,,
604,,,,,,,,,,
605,,,,,,,,,,
606,,,,,,,,,,
607,,,,,,,,,,
608,,,,,,,,,,
609,,,,,,,,,,
610,,,,,,,,,,
611,,,,,,,,,,
612,,,,,,,,,,
613,,,,,,,,,,
614,,,,,,,,,,
615,,,,,,,,,,
616,,,,,,,,,,
617,,,,,,,,,,
618,,,,,,,,,,
619,,,,,,,,,,
620,,,,,,,,,,
621,,,,,,,,,,
622,,,,,,,,,,
623,,,,,,,,,,
624,,,,,,,,,,
625,,,,,,,,,,
626,,,,,,,,,,
627,,,,,,,,,,
628,,,,,,,,,,
629,,,,,,,,,,
630,,,,,,,,,,
631,,,,,,,,,,
632,,,,,,,,,,
633,,,,,,,,,,
634,,,,,,,,,,
635,,,,,,,,,,
636,,,,,,,,,,
637,,,,,,,,,,
638,,,,,,,,,,
639,,,,,,,,,,
640,,,,,,,,,,
641,,,,,,,,,,
642,,,,,,,,,,
643,,,,,,,,,,
644,,,,,,,,,,
645,,,,,,,,,,
646,,,,,,,,,,
647,,,,,,,,,,
648,,,,,,,,,,
649,,,,,,,,,,
650,,,,,,,,,,
651,,,,,,,,,,
652,,,,,,,,,,
653,,,,,,,,,,
654,,,,,,,,,,
655,,,,,,,,,,
656,,,,,,,,,,
657,,,,,,,,,,
658,,,,,,,,,,
659,,,,,,,,,,
660,,,,,,,,,,
661,,,,,,,,,,
662,,,,,,,,,,
663,,,,,,,,,,
664,,,,,,,,,,
665,,,,,,,,,,
666,,,,,,,,,,
667,,,,,,,,,,
668,,,,,,,,,,
669,,,,,,,,,,
670,,,,,,,,,,
671,,,,,,,,,,
672,,,,,,,,,,
673,,,,,,,,,,
674,,,,,,,,,,
675,,,,,,,,,,
676,,,,,,,,,,
677,,,,,,,,,,
678,,,,,,,,,,
679,,,,,,,,,,
680,,,,,,,,,,
681,,,,,,,,,,
682,,,,,,,,,,
683,,,,,,,,,,
684,,,,,,,,,,
685,,,,,,,,,,
686,,,,,,,,,,
687,,,,,,,,,,
688,,,,,,,,,,
689,,,,,,,,,,
690,,,,,,,,,,
691,,,,,,,,,,
692,,,,,,,,,,
693,,,,,,,,,,
694,,,,,,,,,,
695,,,,,,,,,,
696,,,,,,,,,,
697,,,,,,,,,,
698,,,,,,,,,,
699,,,,,,,,,,
700,,,,,,,,,,
701,,,,,,,,,,
702,,,,,,,,,,
703,,,,,,,,,,
704,,,,,,,,,,
705,,,,,,,,,,
706,,,,,,,,,,
707,,,,,,,,,,
708,,,,,,,,,,
709,,,,,,,,,,
710,,,,,,,,,,
711,,,,,,,,,,
712,,,,,,,,,,
713,,,,,,,,,,
714,,,,,,,,,,
715,,,,,,,,,,
716,,,,,,,,,,
717,,,,,,,,,,
718,,,,,,,,,,
719,,,,,,,,,,
720,,,,,,,,,,
721,,,,,,,,,,
722,,,,,,,,,,
723,,,,,,,,,,
724,,,,,,,,,,
725,,,,,,,,,,
726,,,,,,,,,,
727,,,,,,,,,,
728,,,,,,,,,,
729,,,,,,,,,,
730,,,,,,,,,,
731,,,,,,,,,,
732,,,,,,,,,,
733,,,,,,,,,,
734,,,,,,,,,,
735,,,,,,,,,,
736,,,,,,,,,,
737,,,,,,,,,,
738,,,,,,,,,,
739,,,,,,,,,,
740,,,,,,,,,,
741,,,,,,,,,,
742,,,,,,,,,,
743,,,,,,,,,,
744,,,,,,,,,,
745,,,,,,,,,,
746,,,,,,,,,,
747,,,,,,,,,,
748,,,,,,,,,,
749,,,,,,,,,,
750,,,,,,,,,,
751,,,,,,,,,,
752,,,,,,,,,,
753,,,,,,,,,,
754,,,,,,,,,,
755,,,,,,,,,,
756,,,,,,,,,,
757,,,,,,,,,,
758,,,,,,,,,,
759,,,,,,,,,,
760,,,,,,,,,,
761,,,,,,,,,,
762,,,,,,,,,,
763,,,,,,,,,,
764,,,,,,,,,,
765,,,,,,,,,,
766,,,,,,,,,,
767,,,,,,,,,,
768,,,,,,,,,,
769,,,,,,,,,,
770,,,,,,,,,,
771,,,,,,,,,,
772,,,,,,,,,,
773,,,,,,,,,,
774,,,,,,,,,,
775,,,,,,,,,,
776,,,,,,,,,,
777,,,,,,,,,,
778,,,,,,,,,,
779,,,,,,,,,,
780,,,,,,,,,,
781,,,,,,,,,,
782,,,,,,,,,,
783,,,,,,,,,,
784,,,,,,,,,,
785,,,,,,,,,,
786,,,,,,,,,,
787,,,,,,,,,,
788,,,,,,,,,,
789,,,,,,,,,,
790,,,,,,,,,,
791,,,,,,,,,,
792,,,,,,,,,,
793,,,,,,,,,,
794,,,,,,,,,,
795,,,,,,,,,,
796,,,,,,,,,,
797,,,,,,,,,,
798,,,,,,,,,,
799,,,,,,,,,,
800,,,,,,,,,,
801,,,,,,,,,,
802,,,,,,,,,,
803,,,,,,,,,,
804,,,,,,,,,,
805,,,,,,,,,,
806,,,,,,,,,,
807,,,,,,,,,,
808,,,,,,,,,,
809,,,,,,,,,,
810,,,,,,,,,,
811,,,,,,,,,,
812,,,,,,,,,,
813,,,,,,,,,,
814,,,,,,,,,,
815,,,,,,,,,,
816,,,,,,,,,,
817,,,,,,,,,,
818,,,,,,,,,,
819,,,,,,,,,,
820,,,,,,,,,,
821,,,,,,,,,,
822,,,,,,,,,,
823,,,,,,,,,,
824,,,,,,,,,,
825,,,,,,,,,,
826,,,,,,,,,,
827,,,,,,,,,,
828,,,,,,,,,,
829,,,,,,,,,,
830,,,,,,,,,,
831,,,,,,,,,,
832,,,,,,,,,,
833,,,,,,,,,,
834,,,,,,,,,,
835,,,,,,,,,,
836,,,,,,,,,,
837,,,,,,,,,,
838,,,,,,,,,,
839,,,,,,,,,,
840,,,,,,,,,,
841,,,,,,,,,,
842,,,,,,,,,,
843,,,,,,,,,,
844,,,,,,,,,,
845,,,,,,,,,,
846,,,,,,,,,,
847,,,,,,,,,,
848,,,,,,,,,,
849,,,,,,,,,,
850,,,,,,,,,,
851,,,,,,,,,,
852,,,,,,,,,,
853,,,,,,,,,,
854,,,,,,,,,,
855,,,,,,,,,,
856,,,,,,,,,,
857,,,,,,,,,,
858,,,,,,,,,,
859,,,,,,,,,,
860,,,,,,,,,,
861,,,,,,,,,,
862,,,,,,,,,,
863,,,,,,,,,,
864,,,,,,,,,,
865,,,,,,,,,,
866,,,,,,,,,,
867,,,,,,,,,,
868,,,,,,,,,,
869,,,,,,,,,,
870,,,,,,,,,,
871,,,,,,,,,,
872,,,,,,,,,,
873,,,,,,,,,,
874,,,,,,,,,,
875,,,,,,,,,,
876,,,,,,,,,,
877,,,,,,,,,,
878,,,,,,,,,,
879,,,,,,,,,,
880,,,,,,,,,,
881,,,,,,,,,,
882,,,,,,,,,,
883,,,,,,,,,,
884,,,,,,,,,,
885,,,,,,,,,,
886,,,,,,,,,,
887,,,,,,,,,,
888,,,,,,,,,,
889,,,,,,,,,,
890,,,,,,,,,,
891,,,,,,,,,,
892,,,,,,,,,,
893,,,,,,,,,,
894,,,,,,,,,,
895,,,,,,,,,,
896,,,,,,,,,,
897,,,,,,,,,,
898,,,,,,,,,,
899,,,,,,,,,,
900,,,,,,,,,,
901,,,,,,,,,,
902,,,,,,,,,,
903,,,,,,,,,,
904,,,,,,,,,,
905,,,,,,,,,,
906,,,,,,,,,,
907,,,,,,,,,,
908,,,,,,,,,,
909,,,,,,,,,,
910,,,,,,,,,,
911,,,,,,,,,,
912,,,,,,,,,,
913,,,,,,,,,,
914,,,,,,,,,,
915,,,,,,,,,,
916,,,,,,,,,,
917,,,,,,,,,,
918,,,,,,,,,,
919,,,,,,,,,,
920,,,,,,,,,,
921,,,,,,,,,,
922,,,,,,,,,,
923,,,,,,,,,,
924,,,,,,,,,,
925,,,,,,,,,,
926,,,,,,,,,,
927,,,,,,,,,,
928,,,,,,,,,,
929,,,,,,,,,,
930,,,,,,,,,,
931,,,,,,,,,,
932,,,,,,,,,,
933,,,,,,,,,,
934,,,,,,,,,,
935,,,,,,,,,,
936,,,,,,,,,,
937,,,,,,,,,,
938,,,,,,,,,,
939,,,,,,,,,,
940,,,,,,,,,,
941,,,,,,,,,,
942,,,,,,,,,,
943,,,,,,,,,,
944,,,,,,,,,,
945,,,,,,,,,,
946,,,,,,,,,,
947,,,,,,,,,,
948,,,,,,,,,,
949,,,,,,,,,,
950,,,,,,,,,,
951,,,,,,,,,,
952,,,,,,,,,,
953,,,,,,,,,,
954,,,,,,,,,,
955,,,,,,,,,,
956,,,,,,,,,,
957,,,,,,,,,,
958,,,,,,,,,,
959,,,,,,,,,,
960,,,,,,,,,,
961,,,,,,,,,,
962,,,,,,,,,,
963,,,,,,,,,,
964,,,,,,,,,,
965,,,,,,,,,,
966,,,,,,,,,,
967,,,,,,,,,,
968,,,,,,,,,,
969,,,,,,,,,,
970,,,,,,,,,,
971,,,,,,,,,,
972,,,,,,,,,,
973,,,,,,,,,,
974,,,,,,,,,,
975,,,,,,,,,,
976,,,,,,,,,,
977,,,,,,,,,,
978,,,,,,,,,,
979,,,,,,,,,,
980,,,,,,,,,,
981,,,,,,,,,,
982,,,,,,,,,,
983,,,,,,,,,,
984,,,,,,,,,,
985,,,,,,,,,,
986,,,,,,,,,,
987,,,,,,,,,,
988,,,,,,,,,,
989,,,,,,,,,,
990,,,,,,,,,,
991,,,,,,,,,,
992,,,,,,,,,,
993,,,,,,,,,,
994,,,,,,,,,,
995,,,,,,,,,,
996,,,,,,,,,,
997,,,,,,,,,,
998,,,,,,,,,,
999,,,,,,,,,,
1000,,,,,,,,,,
1001,,,,,,,,,,
1002,,,,,,,,,,
1003,,,,,,,,,,
1004,,,,,,,,,,
1005,,,,,,,,,,
1006,,,,,,,,,,
1007,,,,,,,,,,
1008,,,,,,,,,,
1009,,,,,,,,,,
1010,,,,,,,,,,
1011,,,,,,,,,,
1012,,,,,,,,,,
1013,,,,,,,,,,
1014,,,,,,,,,,
1015,,,,,,,,,,
1016,,,,,,,,,,
1017,,,,,,,,,,
1018,,,,,,,,,,
1019,,,,,,,,,,
1020,,,,,,,,,,
1021,,,,,,,,,,
