team,player,games_vs_lhp,start_pct_vs_lhp,games_vs_rhp,start_pct_vs_rhp,usage_label
LAA,Moises Ballesteros,18,0.5,31,1.0,platoon_candidate
LAA,Vaughn Grissom,48,0.9583333333333334,95,0.631578947368421,platoon_candidate
LAA,Wade Meckler,34,0.35294117647058826,73,0.8904109589041096,platoon_candidate
LAA,Yoan Moncada,15,0.3333333333333333,32,0.8125,platoon_candidate
LAA,Donovan Walton,8,0.125,28,0.75,platoon_candidate
LAA,Josh Lowe,50,0.16,107,0.7570093457943925,platoon_candidate
LAA,Jose Siri,36,1.0,75,0.24,platoon_candidate
LAA,Travis d'Arnaud,49,0.3469387755102041,103,0.08737864077669903,platoon_candidate
LAA,Bryce Teodosio,50,0.36,101,0.039603960396039604,platoon_candidate
HOU,Taylor Trammell,33,0.12121212121212122,112,0.625,platoon_candidate
HOU,LaMonte Wade Jr.,20,0.15,70,0.4857142857142857,platoon_candidate
HOU,Brice Matthews,39,0.6410256410256411,114,0.2631578947368421,platoon_candidate
HOU,Braden Shewmake,13,0.07692307692307693,51,0.39215686274509803,platoon_candidate
HOU,Joey Loperfido,24,0.08333333333333333,64,0.390625,platoon_candidate
HOU,Jorge Barrosa,5,0.6,10,0.0,platoon_candidate
HOU,Nelson Velazquez,5,0.6,17,0.058823529411764705,platoon_candidate
ATH,Jeff McNeil,55,0.4,106,0.9339622641509434,platoon_candidate
ATH,Lawrence Butler,55,0.4727272727272727,106,0.8773584905660378,platoon_candidate
ATH,Jonah Heim,43,0.8837209302325582,83,0.5180722891566265,platoon_candidate
ATH,Donovan Walton,22,0.045454545454545456,44,0.9318181818181818,platoon_candidate
ATH,Carlos Cortes,55,0.05454545454545454,105,0.8571428571428571,platoon_candidate
ATH,Alika Williams,40,0.775,66,0.4393939393939394,platoon_candidate
ATH,Colby Thomas,35,0.8857142857142857,47,0.02127659574468085,platoon_candidate
ATH,Austin Wynns,12,0.6666666666666666,20,0.1,platoon_candidate
ATH,Andy Ibanez,5,0.8,12,0.0,platoon_candidate
TOR,Andres Gimenez,46,0.5217391304347826,111,0.9279279279279279,platoon_candidate
TOR,Daulton Varsho,28,0.6071428571428571,82,0.8780487804878049,platoon_candidate
TOR,Nathan Lukes,45,0.37777777777777777,111,0.7387387387387387,platoon_candidate
TOR,Yohendrick Pinango,21,0.2857142857142857,60,0.6333333333333333,platoon_candidate
TOR,Jesus Sanchez,41,0.0975609756097561,99,0.696969696969697,platoon_candidate
TOR,Daz Cameron,6,1.0,5,0.0,platoon_candidate
TOR,Josh Smith,17,0.058823529411764705,27,0.7407407407407407,platoon_candidate
TOR,Myles Straw,46,0.9782608695652174,110,0.24545454545454545,platoon_candidate
TOR,Luis Urias,9,0.8888888888888888,29,0.2413793103448276,platoon_candidate
TOR,Charles McAdoo,33,0.5151515151515151,68,0.10294117647058823,platoon_candidate
TOR,Davis Schneider,46,0.5217391304347826,110,0.13636363636363635,platoon_candidate
TOR,Sean Keys,24,0.0,52,0.3269230769230769,platoon_candidate
ATL,Mike Yastrzemski,55,0.16363636363636364,102,0.8921568627450981,platoon_candidate
ATL,Sandy Leon,16,0.75,15,0.3333333333333333,platoon_candidate
ATL,Dominic Smith,55,0.12727272727272726,101,0.6336633663366337,platoon_candidate
ATL,Jose Azocar,7,0.7142857142857143,8,0.125,platoon_candidate
ATL,Joey Bart,14,0.8571428571428571,20,0.05,platoon_candidate
ATL,Jim Jarvis,35,0.11428571428571428,54,0.5185185185185185,platoon_candidate
ATL,Ha-Seong Kim,41,0.5365853658536586,76,0.2631578947368421,platoon_candidate
ATL,Jonah Heim,13,0.8461538461538461,22,0.045454545454545456,platoon_candidate
ATL,Eli White,44,0.6363636363636364,62,0.11290322580645161,platoon_candidate
ATL,Lane Thomas,6,1.0,23,0.08695652173913043,platoon_candidate
MIL,Jake Bauers,48,0.5416666666666666,106,0.9245283018867925,platoon_candidate
MIL,Garrett Mitchell,48,0.4166666666666667,106,0.9150943396226415,platoon_candidate
MIL,Luis Rengifo,20,0.95,43,0.5813953488372093,platoon_candidate
MIL,Luis Lara,19,0.8421052631578947,49,0.5918367346938775,platoon_candidate
MIL,Joey Ortiz,47,0.9361702127659575,105,0.5428571428571428,platoon_candidate
MIL,Christian Yelich,48,0.3958333333333333,106,0.7830188679245284,platoon_candidate
MIL,David Hamilton,48,0.3125,106,0.8018867924528302,platoon_candidate
MIL,Sal Frelick,48,0.3125,106,0.6415094339622641,platoon_candidate
MIL,Andrew Vaughn,47,0.7659574468085106,100,0.4,platoon_candidate
MIL,Gary Sanchez,48,0.7291666666666666,104,0.25,platoon_candidate
MIL,Luis Matos,5,0.8,11,0.18181818181818182,platoon_candidate
MIL,Blake Perkins,27,0.6296296296296297,49,0.10204081632653061,platoon_candidate
STL,Lars Nootbaar,18,0.5,33,0.9696969696969697,platoon_candidate
STL,Joshua Baez,10,1.0,20,0.65,platoon_candidate
STL,Nathan Church,47,0.46808510638297873,110,0.8818181818181818,platoon_candidate
STL,Blaze Jordan,26,0.9230769230769231,40,0.65,platoon_candidate
STL,Jose Fermin,46,0.8913043478260869,105,0.3333333333333333,platoon_candidate
STL,Jimmy Crooks,29,0.10344827586206896,50,0.68,platoon_candidate
STL,Nolan Gorman,47,0.10638297872340426,110,0.6,platoon_candidate
STL,Bryan Torres,37,0.13513513513513514,71,0.5633802816901409,platoon_candidate
STL,Pedro Pages,47,0.5957446808510638,110,0.2818181818181818,platoon_candidate
STL,Everson Pereira,6,0.6666666666666666,7,0.0,platoon_candidate
STL,Nelson Velazquez,22,0.8181818181818182,36,0.05555555555555555,platoon_candidate
STL,Yohel Pozo,10,0.5,35,0.0,platoon_candidate
CHC,Ian Happ,45,0.7111111111111111,112,0.9642857142857143,platoon_candidate
CHC,Moises Ballesteros,16,0.0625,54,0.8148148148148148,platoon_candidate
CHC,Michael Conforto,45,0.022222222222222223,110,0.6181818181818182,platoon_candidate
CHC,Tyrone Taylor,16,0.875,31,0.1935483870967742,platoon_candidate
CHC,Matt Shaw,45,0.4666666666666667,111,0.17117117117117117,platoon_candidate
CHC,Kevin Alcantara,25,0.32,44,0.0,platoon_candidate
AZ,Alek Thomas,8,0.125,28,0.9642857142857143,platoon_candidate
AZ,Lars Nootbaar,13,0.15384615384615385,33,0.9393939393939394,platoon_candidate
AZ,Ildemaro Vargas,40,0.925,111,0.5945945945945946,platoon_candidate
AZ,Max Kepler,15,0.06666666666666667,46,0.7391304347826086,platoon_candidate
AZ,LuJames Groover,8,1.0,17,0.35294117647058826,platoon_candidate
AZ,Adrian Del Castillo,26,0.07692307692307693,79,0.5949367088607594,platoon_candidate
AZ,Jordan Lawlar,40,0.425,119,0.12605042016806722,platoon_candidate
AZ,Pavin Smith,40,0.0,118,0.2796610169491525,platoon_candidate
LAD,Max Muncy,52,0.5192307692307693,105,0.9714285714285714,platoon_candidate
LAD,Hyeseong Kim,8,0.25,37,0.8918918918918919,platoon_candidate
LAD,Hunter Feduccia,18,0.2777777777777778,28,0.6785714285714286,platoon_candidate
LAD,Alex Freeland,51,0.1568627450980392,100,0.6,platoon_candidate
LAD,Ben Rortvedt,9,0.5555555555555556,15,0.26666666666666666,platoon_candidate
LAD,Miguel Rojas,52,0.7884615384615384,104,0.11538461538461539,platoon_candidate
LAD,Ryan Ward,16,0.0625,45,0.35555555555555557,platoon_candidate
LAD,Enrique Hernandez,41,0.4146341463414634,62,0.0967741935483871,platoon_candidate
LAD,Santiago Espinal,16,0.75,52,0.0,platoon_candidate
SF,Shay Whitcomb,12,1.0,18,0.7222222222222222,platoon_candidate
SF,Brett Harris,7,1.0,5,0.6,platoon_candidate
SF,Patrick Bailey,8,0.375,26,0.8076923076923077,platoon_candidate
SF,Drew Gilbert,45,0.28888888888888886,97,0.8247422680412371,platoon_candidate
SF,Andrew Knizner,16,0.9375,22,0.22727272727272727,platoon_candidate
SF,Drew Cavanaugh,27,0.18518518518518517,53,0.6792452830188679,platoon_candidate
SF,Jerar Encarnacion,7,0.5714285714285714,19,0.2631578947368421,platoon_candidate
SF,Jonah Cox,36,0.6388888888888888,65,0.2153846153846154,platoon_candidate
SF,Nate Furman,10,0.0,19,0.42105263157894735,platoon_candidate
SF,Victor Bericoto,38,0.5789473684210527,70,0.11428571428571428,platoon_candidate
CLE,Juan Brito,7,1.0,11,0.6363636363636364,platoon_candidate
CLE,Kyle Manzardo,37,0.40540540540540543,70,0.8857142857142857,platoon_candidate
CLE,Nathaniel Lowe,17,0.23529411764705882,29,0.9655172413793104,platoon_candidate
CLE,Bo Naylor,11,0.09090909090909091,26,0.8076923076923077,platoon_candidate
CLE,Rhys Hoskins,43,0.9069767441860465,77,0.4155844155844156,platoon_candidate
CLE,Patrick Bailey,42,0.23809523809523808,72,0.6944444444444444,platoon_candidate
CLE,Austin Hedges,55,0.7636363636363637,95,0.28421052631578947,platoon_candidate
CLE,Stuart Fairchild,7,1.0,10,0.0,platoon_candidate
CLE,David Fry,55,0.7636363636363637,97,0.09278350515463918,platoon_candidate
SEA,Dominic Canzone,55,0.5636363636363636,105,0.9142857142857143,platoon_candidate
SEA,Luke Raley,31,0.03225806451612903,77,0.922077922077922,platoon_candidate
SEA,Brock Rodden,17,0.23529411764705882,18,1.0,platoon_candidate
SEA,Lazaro Montes,11,0.09090909090909091,12,1.0,platoon_candidate
SEA,Weston Wilson,34,0.8235294117647058,52,0.15384615384615385,platoon_candidate
SEA,Michael Arroyo,9,0.6666666666666666,9,0.1111111111111111,platoon_candidate
SEA,Mitch Garver,31,0.5806451612903226,75,0.22666666666666666,platoon_candidate
SEA,Rob Refsnyder,31,0.7741935483870968,74,0.02702702702702703,platoon_candidate
SEA,Connor Joe,19,0.42105263157894735,46,0.043478260869565216,platoon_candidate
MIA,Jakob Marsee,45,0.6222222222222222,115,0.9739130434782609,platoon_candidate
MIA,Liam Hicks,27,0.48148148148148145,84,0.9047619047619048,platoon_candidate
MIA,Javier Sanoja,45,0.9111111111111111,116,0.6379310344827587,platoon_candidate
MIA,Joe Mack,35,0.42857142857142855,90,0.8,platoon_candidate
MIA,Heriberto Hernandez,45,0.9111111111111111,116,0.5862068965517241,platoon_candidate
MIA,Owen Caissie,41,0.12195121951219512,107,0.8130841121495327,platoon_candidate
MIA,Christopher Morel,10,0.7,29,0.4482758620689655,platoon_candidate
MIA,Esteury Ruiz,38,0.8947368421052632,97,0.26804123711340205,platoon_candidate
MIA,Griffin Conine,44,0.20454545454545456,116,0.5344827586206896,platoon_candidate
MIA,Austin Slater,7,1.0,9,0.0,platoon_candidate
MIA,Jared Serna,8,1.0,15,0.06666666666666667,platoon_candidate
MIA,Agustin Ramirez,45,0.5777777777777777,116,0.28448275862068967,platoon_candidate
MIA,Leo Jimenez,35,0.7714285714285715,95,0.2,platoon_candidate
MIA,Graham Pauley,44,0.0,116,0.3793103448275862,platoon_candidate
MIA,Brian Navarreto,25,0.56,56,0.07142857142857142,platoon_candidate
NYM,Brett Baty,48,0.4375,106,0.9150943396226415,platoon_candidate
NYM,MJ Melendez,15,0.13333333333333333,45,0.7555555555555555,platoon_candidate
NYM,Jared Young,41,0.24390243902439024,101,0.6732673267326733,platoon_candidate
NYM,Mark Vientos,47,0.7021276595744681,102,0.3431372549019608,platoon_candidate
NYM,Tyrone Taylor,29,0.6896551724137931,73,0.1643835616438356,platoon_candidate
NYM,Hayden Senger,5,0.0,13,0.46153846153846156,platoon_candidate
NYM,Austin Slater,5,0.8,7,0.0,platoon_candidate
NYM,Zack Short,9,0.4444444444444444,14,0.07142857142857142,platoon_candidate
NYM,Christopher Morel,13,0.38461538461538464,18,0.05555555555555555,platoon_candidate
NYM,Eric Wagaman,22,0.5,52,0.019230769230769232,platoon_candidate
WSH,Daylen Lile,49,0.7346938775510204,109,1.0,platoon_candidate
WSH,Jacob Young,49,0.9591836734693877,109,0.6972477064220184,platoon_candidate
WSH,Luis Garcia Jr.,35,0.34285714285714286,73,0.958904109589041,platoon_candidate
WSH,Curtis Mead,32,0.96875,65,0.4461538461538462,platoon_candidate
WSH,Jorbit Vivas,47,0.23404255319148937,108,0.7129629629629629,platoon_candidate
WSH,Abimelec Ortiz,19,0.0,44,0.7272727272727273,platoon_candidate
WSH,Harry Ford,20,0.85,43,0.27906976744186046,platoon_candidate
WSH,Jose Tena,44,0.022727272727272728,104,0.6153846153846154,platoon_candidate
WSH,Drew Millas,28,0.14285714285714285,65,0.5384615384615384,platoon_candidate
WSH,Joey Wiemer,15,0.8666666666666667,28,0.14285714285714285,platoon_candidate
WSH,Andres Chaparro,49,0.7346938775510204,109,0.14678899082568808,platoon_candidate
WSH,Andrew Pinckney,8,0.625,27,0.1111111111111111,platoon_candidate
BAL,Jackson Holliday,34,0.6176470588235294,67,0.9402985074626866,platoon_candidate
BAL,Christian Encarnacion-Strand,21,0.9523809523809523,39,0.6666666666666666,platoon_candidate
BAL,Colton Cowser,50,0.14,104,0.8461538461538461,platoon_candidate
BAL,Samuel Basallo,49,0.2857142857142857,103,0.7378640776699029,platoon_candidate
BAL,Dylan Beavers,50,0.18,103,0.6893203883495146,platoon_candidate
BAL,Rece Hinds,6,1.0,10,0.2,platoon_candidate
BAL,Tyler O'Neill,39,0.8461538461538461,86,0.3023255813953488,platoon_candidate
BAL,Weston Wilson,16,0.75,17,0.058823529411764705,platoon_candidate
BAL,Christian Franklin,17,0.5882352941176471,30,0.13333333333333333,platoon_candidate
SD,Dustin Harris,8,0.125,23,0.9565217391304348,platoon_candidate
SD,Gavin Sheets,40,0.25,120,0.7916666666666666,platoon_candidate
SD,Miguel Andujar,22,0.8636363636363636,76,0.5394736842105263,platoon_candidate
SD,Nick Castellanos,12,0.75,43,0.4883720930232558,platoon_candidate
SD,Ethan Salas,6,0.16666666666666666,16,0.5625,platoon_candidate
SD,Austin Hays,11,0.9090909090909091,30,0.1,platoon_candidate
SD,Sung-Mun Song,32,0.0,94,0.3723404255319149,platoon_candidate
SD,Jase Bowen,26,0.5769230769230769,77,0.09090909090909091,platoon_candidate
PHI,Bryson Stott,54,0.7222222222222222,103,1.0,platoon_candidate
PHI,Brandon Marsh,54,0.6296296296296297,103,0.970873786407767,platoon_candidate
PHI,Justin Crawford,54,0.37037037037037035,103,0.970873786407767,platoon_candidate
PHI,Gabriel Rincones Jr.,15,0.13333333333333333,25,0.92,platoon_candidate
PHI,Felix Reyes,8,0.875,15,0.26666666666666666,platoon_candidate
PHI,Edmundo Sosa,53,0.7547169811320755,102,0.16666666666666666,platoon_candidate
PHI,Derek Hill,28,0.8214285714285714,54,0.05555555555555555,platoon_candidate
PHI,Bryan De La Cruz,16,0.625,41,0.21951219512195122,platoon_candidate
PHI,Otto Kemp,18,0.3888888888888889,28,0.0,platoon_candidate
PHI,Dylan Moore,8,0.25,10,0.0,platoon_candidate
PIT,Brandon Lowe,48,0.6875,107,0.9813084112149533,platoon_candidate
PIT,Esmerlyn Valdez,31,0.9032258064516129,61,0.5737704918032787,platoon_candidate
PIT,Spencer Horwitz,48,0.22916666666666666,108,0.8240740740740741,platoon_candidate
PIT,Marcell Ozuna,31,0.8709677419354839,76,0.5,platoon_candidate
PIT,Tyler Callihan,13,0.15384615384615385,26,0.7692307692307693,platoon_candidate
PIT,Jared Triolo,48,0.7916666666666666,104,0.46153846153846156,platoon_candidate
PIT,Jacob Gonzalez,24,0.125,37,0.8378378378378378,platoon_candidate
PIT,Endy Rodriguez,21,0.19047619047619047,48,0.5833333333333334,platoon_candidate
PIT,Joey Bart,10,0.9,29,0.27586206896551724,platoon_candidate
PIT,Rafael Flores Jr.,31,0.6129032258064516,58,0.3275862068965517,platoon_candidate
PIT,Nick Yorke,42,0.38095238095238093,94,0.10638297872340426,platoon_candidate
TEX,Joc Pederson,42,0.047619047619047616,101,0.9603960396039604,platoon_candidate
TEX,Evan Carter,46,0.2608695652173913,109,0.8715596330275229,platoon_candidate
TEX,Nicky Lopez,35,0.2857142857142857,71,0.8028169014084507,platoon_candidate
TEX,Alejandro Osuna,42,0.2619047619047619,91,0.5164835164835165,platoon_candidate
TEX,Cam Cauley,10,1.0,24,0.20833333333333334,platoon_candidate
TEX,Justin Foscue,39,0.9743589743589743,81,0.16049382716049382,platoon_candidate
TEX,Michael Helman,7,0.8571428571428571,17,0.17647058823529413,platoon_candidate
TEX,Logan O'Hoppe,9,0.6666666666666666,7,0.0,platoon_candidate
TEX,Josh Smith,25,0.12,78,0.38461538461538464,platoon_candidate
TEX,Andrew McCutchen,12,1.0,37,0.10810810810810811,platoon_candidate
TEX,Cody Freeman,29,0.5517241379310345,47,0.14893617021276595,platoon_candidate
TEX,Sam Haggerty,12,0.8333333333333334,36,0.0,platoon_candidate
TB,Cedric Mullins,46,0.391304347826087,111,0.918918918918919,platoon_candidate
TB,Liam Hicks,14,0.14285714285714285,34,0.8823529411764706,platoon_candidate
TB,Richie Palacios,45,0.1111111111111111,111,0.8468468468468469,platoon_candidate
TB,Victor Mesa Jr.,31,0.1935483870967742,77,0.7402597402597403,platoon_candidate
TB,Jonny DeLuca,46,0.8260869565217391,111,0.36936936936936937,platoon_candidate
TB,Nick Fortes,46,0.9130434782608695,111,0.3063063063063063,platoon_candidate
TB,Hunter Feduccia,30,0.06666666666666667,75,0.6266666666666667,platoon_candidate
TB,Ben Williamson,46,0.6956521739130435,109,0.29357798165137616,platoon_candidate
TB,Ryan Vilade,46,0.9782608695652174,109,0.13761467889908258,platoon_candidate
BOS,Jarren Duran,39,0.5641025641025641,111,0.963963963963964,platoon_candidate
BOS,Marcelo Mayer,18,0.16666666666666666,57,0.9298245614035088,platoon_candidate
BOS,Romy Gonzalez,9,1.0,14,0.2857142857142857,platoon_candidate
BOS,Tsung-Che Cheng,7,0.14285714285714285,12,0.8333333333333334,platoon_candidate
BOS,Masataka Yoshida,28,0.0,86,0.7209302325581395,platoon_candidate
BOS,Andruw Monasterio,39,0.8461538461538461,108,0.37037037037037035,platoon_candidate
BOS,Mickey Gasper,30,0.13333333333333333,82,0.5609756097560976,platoon_candidate
BOS,Jahmai Jones,15,0.8666666666666667,44,0.0,platoon_candidate
BOS,Nate Eaton,20,0.45,56,0.08928571428571429,platoon_candidate
CIN,Blake Dunn,10,1.0,30,0.6666666666666666,platoon_candidate
CIN,Hector Rodriguez,19,0.5263157894736842,30,0.9,platoon_candidate
CIN,Nathaniel Lowe,22,0.09090909090909091,80,0.775,platoon_candidate
CIN,Carlos Jorge,10,0.0,11,1.0,platoon_candidate
CIN,Will Benson,14,0.0,47,0.574468085106383,platoon_candidate
CIN,TJ Friedl,40,0.15,107,0.5514018691588785,platoon_candidate
CIN,Dane Myers,42,0.8571428571428571,108,0.23148148148148148,platoon_candidate
COL,Willi Castro,43,1.0,94,0.7127659574468085,platoon_candidate
COL,Troy Johnston,52,0.46153846153846156,107,0.7663551401869159,platoon_candidate
COL,Mickey Moniak,51,0.35294117647058826,102,0.7941176470588235,platoon_candidate
COL,Edouard Julien,34,0.058823529411764705,81,0.7901234567901234,platoon_candidate
COL,Sterlin Thompson,11,0.2727272727272727,22,0.7272727272727273,platoon_candidate
COL,Zac Veen,15,0.0,24,0.7083333333333334,platoon_candidate
COL,Chad Stevens,6,1.0,14,0.14285714285714285,platoon_candidate
COL,Brett Sullivan,51,0.17647058823529413,106,0.4528301886792453,platoon_candidate
COL,Jordan Beck,52,0.5192307692307693,108,0.14814814814814814,platoon_candidate
COL,Braxton Fulford,39,0.5128205128205128,65,0.0,platoon_candidate
KC,Carter Jensen,46,0.6086956521739131,112,0.9464285714285714,platoon_candidate
KC,Michael Massey,44,0.5227272727272727,104,0.8942307692307693,platoon_candidate
KC,Jonathan India,5,1.0,13,0.6153846153846154,platoon_candidate
KC,Lane Thomas,31,0.967741935483871,78,0.5128205128205128,platoon_candidate
KC,Nick Loftin,45,0.8666666666666667,109,0.5412844036697247,platoon_candidate
KC,Kyle Isbel,46,0.2826086956521739,112,0.6517857142857143,platoon_candidate
KC,John Rave,26,0.19230769230769232,61,0.5573770491803278,platoon_candidate
KC,Starling Marte,37,0.918918918918919,84,0.05952380952380952,platoon_candidate
KC,Josh Rojas,30,0.1,67,0.373134328358209,platoon_candidate
KC,Tyler Tolbert,43,0.5581395348837209,101,0.13861386138613863,platoon_candidate
KC,Elias Diaz,9,0.6666666666666666,20,0.05,platoon_candidate
KC,Luke Maile,21,0.42857142857142855,51,0.0784313725490196,platoon_candidate
DET,Wenceel Perez,22,0.8636363636363636,36,0.6111111111111112,platoon_candidate
DET,Hao-Yu Lee,21,0.9523809523809523,57,0.5964912280701754,platoon_candidate
DET,James Outman,11,0.18181818181818182,23,0.8695652173913043,platoon_candidate
DET,Colt Keith,45,0.08888888888888889,104,0.9230769230769231,platoon_candidate
DET,Zach McKinstry,47,0.425531914893617,108,0.75,platoon_candidate
DET,Matt Vierling,33,0.9393939393939394,69,0.463768115942029,platoon_candidate
DET,Kerry Carpenter,32,0.125,69,0.8115942028985508,platoon_candidate
DET,Gage Workman,5,0.2,9,0.7777777777777778,platoon_candidate
DET,Brett Callahan,8,0.0,30,0.6666666666666666,platoon_candidate
DET,Hao-Yu  Lee,24,0.8333333333333334,35,0.2857142857142857,platoon_candidate
DET,Zack Short,12,0.75,20,0.2,platoon_candidate
DET,Eduardo Valencia,18,0.7222222222222222,50,0.32,platoon_candidate
DET,Ben Malgeri,23,0.9130434782608695,54,0.1111111111111111,platoon_candidate
DET,Jahmai Jones,27,0.8148148148148148,42,0.0,platoon_candidate
DET,Corey Julks,6,0.5,5,0.0,platoon_candidate
MIN,Kody Clemens,50,0.56,110,0.9818181818181818,platoon_candidate
MIN,Walker Jenkins,8,0.5,20,0.95,platoon_candidate
MIN,Trevor Larnach,45,0.15555555555555556,102,0.9411764705882353,platoon_candidate
MIN,Orlando Arcia,5,1.0,16,0.375,platoon_candidate
MIN,Ryan Jeffers,51,0.7450980392156863,110,0.4,platoon_candidate
MIN,Austin Martin,51,0.8627450980392157,110,0.3,platoon_candidate
MIN,Ryan Kreidler,42,0.8095238095238095,103,0.32038834951456313,platoon_candidate
MIN,Tristan Gray,35,0.08571428571428572,79,0.620253164556962,platoon_candidate
MIN,Alan Roden,22,0.13636363636363635,46,0.45652173913043476,platoon_candidate
CWS,Sam Antonacci,44,0.5227272727272727,99,0.98989898989899,platoon_candidate
CWS,Tristan Peters,49,0.32653061224489793,109,0.9724770642201835,platoon_candidate
CWS,Jacob Gonzalez,8,0.25,23,0.9565217391304348,platoon_candidate
CWS,Andrew Benintendi,48,0.16666666666666666,110,0.9454545454545454,platoon_candidate
CWS,Tanner Murray,10,0.9,10,0.2,platoon_candidate
CWS,Tommy Pham,6,1.0,5,0.0,platoon_candidate
CWS,Lenyn Sosa,5,1.0,10,0.3,platoon_candidate
CWS,Brenton Doyle,17,1.0,34,0.17647058823529413,platoon_candidate
CWS,Jake Rogers,7,0.8571428571428571,25,0.32,platoon_candidate
CWS,Junior Perez,9,0.8888888888888888,13,0.07692307692307693,platoon_candidate
CWS,Luisangel Acuna,50,0.9,110,0.19090909090909092,platoon_candidate
CWS,Drew Romo,40,0.15,93,0.5161290322580645,platoon_candidate
CWS,Reese McGuire,9,0.1111111111111111,15,0.5333333333333333,platoon_candidate
CWS,Randal Grichuk,38,0.9473684210526315,87,0.10344827586206896,platoon_candidate
CWS,Edgar Quero,43,0.6744186046511628,102,0.20588235294117646,platoon_candidate
CWS,Derek Hill,19,0.8947368421052632,40,0.05,platoon_candidate
NYY,Luis Garcia Jr.,9,0.2222222222222222,36,1.0,platoon_candidate
NYY,Trent Grisham,49,0.5102040816326531,88,0.8977272727272727,platoon_candidate
NYY,Heliot Ramos,9,1.0,35,0.5428571428571428,platoon_candidate
NYY,Spencer Jones,39,0.3333333333333333,77,0.7532467532467533,platoon_candidate
NYY,Ryan McMahon,52,0.1346153846153846,102,0.803921568627451,platoon_candidate
NYY,Anthony Volpe,37,0.7027027027027027,74,0.3918918918918919,platoon_candidate
NYY,Paul Goldschmidt,52,0.8846153846153846,101,0.297029702970297,platoon_candidate
NYY,Randal Grichuk,11,0.8181818181818182,13,0.07692307692307693,platoon_candidate
NYY,Amed Rosario,52,0.8846153846153846,101,0.09900990099009901,platoon_candidate
NYY,Max Schuemann,31,0.45161290322580644,40,0.15,platoon_candidate
NYY,Ali Sanchez,32,0.5625,60,0.06666666666666667,platoon_candidate
