player,avg,ngames,teamgames,team
Zach Neto,1.27,155,161,LAA
Mike Trout,2.00,142,161,LAA
Nolan Schanuel,3.57,104,161,LAA
Jorge Soler,3.87, 85,161,LAA
Yoan Moncada,5.12, 32,161,LAA
Jo Adell,4.70,155,161,LAA
Josh Lowe,7.06, 90,161,LAA
Logan O'Hoppe,8.08, 73,161,LAA
Oswald Peraza,6.75, 85,161,LAA
Travis d'Arnaud,7.93, 27,161,LAA
Adam Frazier,8.85, 33,161,LAA
Jeimer Candelario,5.25,  4,161,LAA
Bryce Teodosio,8.86, 21,161,LAA
Vaughn Grissom,4.21,107,161,LAA
Sebastian Rivero,8.25, 16,161,LAA
Omar Martinez,9.00,  1,161,LAA
Jose Siri,6.93, 57,161,LAA
Wade Meckler,4.35, 80,161,LAA
Donovan Walton,6.80, 65,161,LAA
Nick Madrigal,6.50, 16,161,LAA
Denzer Guzman,6.18, 73,161,LAA
Trey Mancini,6.33,  3,161,LAA
Logan Porter,8.50,  2,161,LAA
Christian Moore,6.43, 35,161,LAA
Tyler Heineman,8.90, 59,161,LAA
Moises Ballesteros,5.09, 88,161,LAA
Gustavo Campero,6.25,  4,161,LAA
Kyren Paris,7.40,  5,161,LAA
Jose Altuve,3.38,133,161,HOU
Yordan Alvarez,2.07,157,161,HOU
Isaac Paredes,3.18,151,161,HOU
Carlos Correa,2.78, 32,161,HOU
Joey Loperfido,6.37, 27,161,HOU
Cam Smith,6.72,138,161,HOU
Christian Walker,4.62,151,161,HOU
Yainer Diaz,6.60, 84,161,HOU
Jake Meyers,7.22, 36,161,HOU
Jeremy Pena,1.04,107,161,HOU
Brice Matthews,7.30, 57,161,HOU
Christian Vazquez,8.82, 74,161,HOU
Nick Allen,8.50, 38,161,HOU
Taylor Trammell,6.77, 73,161,HOU
Shay Whitcomb,6.73, 30,161,HOU
Dustin Harris,5.49, 35,161,HOU
Daniel Johnson,7.67,  3,161,HOU
Braden Shewmake,7.04, 25,161,HOU
Zach Cole,6.14, 14,161,HOU
Zach Dezenzo,6.75, 20,161,HOU
Cesar Salazar,8.86,  7,161,HOU
LaMonte Wade Jr.,6.32, 37,161,HOU
Collin Price,8.67,  3,161,HOU
Raynel Delgado,8.64, 11,161,HOU
Lucas Spence,7.86, 14,161,HOU
Daulton Varsho,4.97,130,161,HOU
Nelson Velazquez,4.92, 24,161,HOU
Jorge Barrosa,8.69, 36,161,HOU
Nick Kurtz,1.81, 97,161,ATH
Shea Langeliers,2.40,104,161,ATH
Tyler Soderstrom,3.75,106,161,ATH
Brent Rooker,3.85, 47,161,ATH
Jacob Wilson,3.36, 80,161,ATH
Lawrence Butler,5.34,119,161,ATH
Max Muncy,5.91,203,161,ATH
Jeff McNeil,5.96,121,161,ATH
Denzel Clarke,8.96, 23,161,ATH
Carlos Cortes,4.93, 92,161,ATH
Darell Hernaiz,8.36, 42,161,ATH
Austin Wynns,8.00, 24,161,ATH
Andy Ibanez,5.00,  7,161,ATH
Zack Gelof,5.12,103,161,ATH
Colby Thomas,4.41, 32,161,ATH
Brett Harris,5.67, 12,161,ATH
Jonah Heim,5.88, 93,161,ATH
Henry Bolte,4.31,110,161,ATH
Michael Stefanic,6.67,  6,161,ATH
Alika Williams,8.45, 60,161,ATH
Joey Meneses,5.29,  7,161,ATH
Joshua Kuroda-Grauer,5.72, 18,161,ATH
Brian Serven,8.05, 22,161,ATH
Tommy White,5.62, 48,161,ATH
Jonathan Ornelas,8.67,  6,161,ATH
George Springer,2.24,114,161,TOR
Nathan Lukes,3.07,103,161,TOR
Vladimir Guerrero Jr.,2.71,143,161,TOR
Addison Barger,3.67,  6,161,TOR
Alejandro Kirk,4.23, 71,161,TOR
Kazuma Okamoto,4.74,151,161,TOR
Ernie Clement,5.36,147,161,TOR
Andres Gimenez,7.85,131,161,TOR
Davis Schneider,6.42, 38,161,TOR
Myles Straw,7.73, 73,161,TOR
Jesus Sanchez,4.87, 83,161,TOR
Brandon Valenzuela,7.90, 68,161,TOR
Eloy Jimenez,5.33,  9,161,TOR
Lenyn Sosa,5.43, 30,161,TOR
Yohendrick Pinango,4.87, 46,161,TOR
Charles McAdoo,5.46, 26,161,TOR
Luis Urias,6.93, 15,161,TOR
Sean Keys,6.18, 17,161,TOR
Jonatan Clase,8.57,  7,161,TOR
Josh Smith,6.92, 59,161,TOR
Brett Bateman,1.31, 39,161,TOR
Daz Cameron,6.33,  6,161,TOR
Rudy Martin Jr.,9.00,  1,161,TOR
Ronald Acuna Jr.,1.39,107,161,ATL
Drake Baldwin,1.77,137,161,ATL
Ozzie Albies,3.99,160,161,ATL
Matt Olson,3.16,161,161,ATL
Austin Riley,6.25,156,161,ATL
Eli White,7.56, 48,161,ATL
Mauricio Dubon,5.14,148,161,ATL
Michael Harris II,4.44,147,161,ATL
Mike Yastrzemski,7.13,101,161,ATL
Dominic Smith,6.39, 72,161,ATL
Jorge Mateo,8.20, 59,161,ATL
Kyle Farmer,7.00,  1,161,ATL
Jose Azocar,8.67,  6,161,ATL
Sean Murphy,8.19, 31,161,ATL
Jim Jarvis,8.83, 35,161,ATL
Ha-Seong Kim,8.56, 41,161,ATL
Sandy Leon,8.76, 17,161,ATL
Chadwick Tromp,9.00, 13,161,ATL
Joey Bart,7.94, 33,161,ATL
Rowdy Tellez,8.00,  1,161,ATL
Brewer Hicklen,8.50, 10,161,ATL
Lane Thomas,4.07, 81,161,ATL
Brice Turang,2.14,148,161,MIL
William Contreras,3.45,141,161,MIL
Christian Yelich,3.09,106,161,MIL
Andrew Vaughn,4.74, 78,161,MIL
Jake Bauers,4.50,129,161,MIL
Sal Frelick,6.42, 88,161,MIL
David Hamilton,8.66,103,161,MIL
Garrett Mitchell,5.19,125,161,MIL
Joey Ortiz,8.24,106,161,MIL
Brandon Lockridge,6.33, 27,161,MIL
Luis Rengifo,5.47, 81,161,MIL
Gary Sanchez,5.06, 63,161,MIL
Jeferson Quero,7.00,  1,161,MIL
Blake Perkins,7.54, 24,161,MIL
Luis Matos,6.17,  6,161,MIL
Greg Jones,7.57,  7,161,MIL
Tyler Black,5.00,  7,161,MIL
Jackson Chourio,1.66,120,161,MIL
Cooper Pratt,8.04, 67,161,MIL
Luis Lara,6.23, 48,161,MIL
Jihwan Bae,9.00,  1,161,MIL
Bo Naylor,7.16, 25,161,MIL
JJ Wetherholt,1.00,135,161,STL
Ivan Herrera,2.14,159,161,STL
Alec Burleson,3.30,150,161,STL
Masyn Winn,5.80,129,161,STL
Nolan Gorman,5.53, 72,161,STL
Jordan Walker,3.68,154,161,STL
Nathan Church,7.53,121,161,STL
Pedro Pages,8.39, 61,161,STL
Victor Scott II,9.00, 56,161,STL
Ramon Urias,6.61, 23,161,STL
Thomas Saggese,7.13, 45,161,STL
Yohel Pozo,8.00, 13,161,STL
Jose Fermin,6.36, 78,161,STL
Cesar Prieto,8.11,  9,161,STL
Bryan Torres,5.73, 48,161,STL
Jimmy Crooks,8.08, 39,161,STL
Lars Nootbaar,3.89, 76,161,STL
Blaze Jordan,7.63, 51,161,STL
Everson Pereira,5.81, 27,161,STL
Joshua Baez,5.17, 24,161,STL
Leo Bernal,4.83, 23,161,STL
Michael Busch,3.63,157,161,CHC
Alex Bregman,3.08,153,161,CHC
Ian Happ,4.69,143,161,CHC
Pete Crow-Armstrong,3.01,160,161,CHC
Nico Hoerner,4.12,156,161,CHC
Carson Kelly,6.87, 99,161,CHC
Dansby Swanson,8.22,124,161,CHC
Matt Shaw,7.36, 42,161,CHC
Miguel Amaya,8.46, 67,161,CHC
Michael Conforto,6.41, 73,161,CHC
Dylan Carlson,9.00,  1,161,CHC
Seiya Suzuki,3.35,138,161,CHC
Pedro Ramirez,7.21, 57,161,CHC
Kevin Alcantara,8.62,  8,161,CHC
James Triantos,9.00,  1,161,CHC
Tyrone Taylor,7.33, 54,161,CHC
Gabriel Arias,7.03, 38,161,CHC
BJ Murray,8.00,  1,161,CHC
BJ Murray Jr.,8.00,  1,161,CHC
Ketel Marte,1.70,138,161,AZ
Corbin Carroll,2.58,154,161,AZ
Geraldo Perdomo,2.80,155,161,AZ
Gabriel Moreno,3.96,124,161,AZ
Nolan Arenado,5.50,147,161,AZ
Carlos Santana,6.88,  8,161,AZ
Jordan Lawlar,7.91, 33,161,AZ
Alek Thomas,7.82, 34,161,AZ
Tim Tawa,7.33, 83,161,AZ
Pavin Smith,6.31, 32,161,AZ
James McCann,7.62, 40,161,AZ
Ildemaro Vargas,5.35,105,161,AZ
Jose Fernandez,6.63, 52,161,AZ
Adrian Del Castillo,5.37, 49,161,AZ
Luken Baker,7.00,  1,161,AZ
Lourdes Gurriel Jr.,5.50, 48,161,AZ
Aramis Garcia,8.17,  6,161,AZ
Ryan Waldschmidt,8.28, 74,161,AZ
Tommy Troy,8.56, 39,161,AZ
LuJames Groover,7.86, 14,161,AZ
Max Kepler,5.44, 36,161,AZ
Tyler Locklear,7.50, 10,161,AZ
Shohei Ohtani,1.02,133,161,LAD
Kyle Tucker,4.86,147,161,LAD
Mookie Betts,3.51,120,161,LAD
Freddie Freeman,2.99,152,161,LAD
Will Smith,4.00, 62,161,LAD
Teoscar Hernandez,5.89,121,161,LAD
Andy Pages,3.85,131,161,LAD
Miguel Rojas,7.09, 57,161,LAD
Alex Freeland,8.65, 69,161,LAD
Santiago Espinal,8.33, 12,161,LAD
Dalton Rushing,7.66, 59,161,LAD
Alex Call,7.18, 39,161,LAD
Hyeseong Kim,8.31, 35,161,LAD
Ryan Ward,7.06, 17,161,LAD
Enrique Hernandez,8.28, 25,161,LAD
Chuckie Robinson,9.00,  6,161,LAD
Tommy Edman,4.84, 74,161,LAD
Eliezer Alfonzo,9.00,  9,161,LAD
Ben Rortvedt,9.00,  9,161,LAD
Hunter Feduccia,8.46, 74,161,LAD
Josue De Paula,6.60, 10,161,LAD
Luis Arraez,2.59,148,161,SF
Matt Chapman,4.43, 83,161,SF
Rafael Devers,3.42,148,161,SF
Willy Adames,4.09,121,161,SF
Jung Hoo Lee,4.51,135,161,SF
Heliot Ramos,3.80,104,161,SF
Casey Schmitt,3.73, 96,161,SF
Patrick Bailey,8.10, 92,161,SF
Harrison Bader,7.33, 27,161,SF
Daniel Susac,7.51, 39,161,SF
Jerar Encarnacion,7.70, 10,161,SF
Jared Oliva,9.00,  2,161,SF
Christian Koss,8.86, 56,161,SF
Will Brennan,6.67,  6,161,SF
Drew Gilbert,6.42, 93,161,SF
Eric Haase,8.58, 24,161,SF
Bryce Eldridge,4.00,104,161,SF
Jesus Rodriguez,8.14, 14,161,SF
Victor Bericoto,5.90, 29,161,SF
Jonah Cox,3.59, 37,161,SF
Buddy Kennedy,7.00, 11,161,SF
Drew Cavanaugh,7.68, 41,161,SF
Grant McCray,7.88, 24,161,SF
Osleivis Basabe,5.76, 34,161,SF
Nate Furman,6.78,  9,161,SF
Eddys Leonard,7.33,  3,161,SF
Andrew Knizner,6.52, 21,161,SF
Turner Hill,4.43, 28,161,SF
Scott Bandura,7.22,  9,161,SF
Bo Davidson,4.00,  5,161,SF
Marcelo Mayer,7.19, 62,161,SF
Steven Kwan,2.94,144,161,CLE
Chase DeLauter,2.59,127,161,CLE
Jose Ramirez,2.57,123,161,CLE
Kyle Manzardo,4.18, 82,161,CLE
Rhys Hoskins,4.52, 75,161,CLE
Daniel Schneemann,5.64, 66,161,CLE
Brayan Rocchio,7.43,149,161,CLE
CJ Kayfus,7.67,  6,161,CLE
David Fry,4.82, 51,161,CLE
Angel Martinez,4.87, 94,161,CLE
Austin Hedges,8.07, 71,161,CLE
Juan Brito,6.68, 28,161,CLE
George Valera,5.22,  9,161,CLE
Travis Bazzana,3.94,121,161,CLE
Petey Halpin,8.30, 47,161,CLE
Stuart Fairchild,6.57,  7,161,CLE
Kahlil Watson,5.35, 23,161,CLE
Cooper Ingle,5.86,  7,161,CLE
Nathaniel Lowe,5.01,101,161,CLE
Angel Genao,6.84, 31,161,CLE
Brendan Donovan,2.76, 37,161,SEA
Cal Raleigh,3.83,123,161,SEA
Julio Rodriguez,2.99,148,161,SEA
Josh Naylor,4.39,152,161,SEA
Randy Arozarena,3.23,153,161,SEA
Luke Raley,5.66, 74,161,SEA
Dominic Canzone,4.51,128,161,SEA
Cole Young,6.11,157,161,SEA
Leo Rivas,8.89, 37,161,SEA
Rob Refsnyder,3.31, 26,161,SEA
Victor Robles,7.41, 37,161,SEA
Mitch Garver,7.14, 35,161,SEA
J.P. Crawford,3.14,111,161,SEA
Connor Joe,7.10, 10,161,SEA
Will Wilson,9.00,  2,161,SEA
Jhonny Pereda,8.22, 27,161,SEA
Colt Emerson,8.72, 67,161,SEA
Patrick Wisdom,6.50, 10,161,SEA
Ryan Bliss,9.00,  2,161,SEA
Miles Mastrobuoni,7.89,  9,161,SEA
Weston Wilson,7.82, 49,161,SEA
Taylor Ward,2.21,135,161,SEA
Brock Rodden,9.00, 22,161,SEA
Lazaro Montes,7.85, 13,161,SEA
Michael Arroyo,7.00,  7,161,SEA
Austin Slater,3.00, 17,161,MIA
Agustin Ramirez,4.34, 59,161,MIA
Jakob Marsee,4.63,140,161,MIA
Otto Lopez,2.78,155,161,MIA
Connor Norby,5.66, 93,161,MIA
Heriberto Hernandez,3.82,109,161,MIA
Xavier Edwards,3.09,138,161,MIA
Owen Caissie,6.40, 93,161,MIA
Javier Sanoja,7.16,116,161,MIA
Liam Hicks,3.32,123,161,MIA
Griffin Conine,4.90, 71,161,MIA
Graham Pauley,8.40, 43,161,MIA
Deyvison De Los Santos,7.75, 12,161,MIA
Leo Jimenez,6.90, 48,161,MIA
Kyle Stowers,2.99,115,161,MIA
Esteury Ruiz,7.32, 60,161,MIA
Christopher Morel,6.48, 27,161,MIA
Joe Mack,8.18, 87,161,MIA
Brian Navarreto,8.88, 17,161,MIA
Rece Hinds,6.94, 18,161,MIA
Jared Serna,8.50,  8,161,MIA
Francisco Lindor,1.83,103,161,NYM
Juan Soto,2.28,109,161,NYM
Bo Bichette,2.52,157,161,NYM
Jorge Polanco,5.49, 35,161,NYM
Luis Robert Jr.,4.30, 53,161,NYM
Brett Baty,6.80,123,161,NYM
Marcus Semien,6.41,134,161,NYM
Carson Benge,3.82,150,161,NYM
Francisco Alvarez,7.19,105,161,NYM
Luis Torrens,8.83, 71,161,NYM
Jared Young,5.13, 82,161,NYM
Mark Vientos,4.86, 70,161,NYM
Ronny Mauricio,8.43, 14,161,NYM
Tommy Pham,4.89,  9,161,NYM
MJ Melendez,6.18, 39,161,NYM
Vidal Brujan,8.67,  3,161,NYM
A.J. Ewing,4.57,113,161,NYM
Hayden Senger,9.00,  6,161,NYM
Nick Morabito,8.46, 13,161,NYM
Eric Wagaman,6.08, 13,161,NYM
Zack Short,9.00, 19,161,NYM
Cristian Pache,9.00,  1,161,NYM
James Wood,1.00,133,161,WSH
Andres Chaparro,3.40, 53,161,WSH
Brady House,3.86, 76,161,WSH
Daylen Lile,4.82,148,161,WSH
Joey Wiemer,6.18, 17,161,WSH
CJ Abrams,3.81,149,161,WSH
Nasim Nunez,8.06,130,161,WSH
Keibert Ruiz,7.66, 95,161,WSH
Jacob Young,7.19,124,161,WSH
Drew Millas,8.03, 40,161,WSH
Luis Garcia Jr.,3.14,123,161,WSH
Jorbit Vivas,7.13, 91,161,WSH
Jose Tena,5.79, 66,161,WSH
Curtis Mead,2.59, 63,161,WSH
Dylan Crews,4.28,100,161,WSH
Abimelec Ortiz,2.39, 33,161,WSH
Harry Ford,6.50, 28,161,WSH
Andrew Pinckney,8.12,  8,161,WSH
Yohandy Morales,6.00, 12,161,WSH
Gunnar Henderson,2.24,157,161,BAL
Pete Alonso,3.07,161,161,BAL
Adley Rutschman,3.21, 94,161,BAL
Samuel Basallo,5.03, 94,161,BAL
Tyler O'Neill,5.26, 61,161,BAL
Colton Cowser,7.26,100,161,BAL
Coby Mayo,5.90,117,161,BAL
Blaze Alexander,7.78, 73,161,BAL
Dylan Beavers,4.44, 85,161,BAL
Jeremiah Jackson,7.61, 69,161,BAL
Ryan Mountcastle,5.25,  4,161,BAL
Leody Taveras,6.70,115,161,BAL
Johnathan Rodriguez,4.75,  4,161,BAL
Sam Huff,8.75,  8,161,BAL
Jackson Holliday,5.87, 87,161,BAL
Christian Encarnacion-Strand,5.53, 49,161,BAL
Jake Rogers,8.75, 48,161,BAL
Christian Franklin,7.00, 15,161,BAL
Carlos Narvaez,8.41, 82,161,BAL
Heston Kjerstad,7.00,  4,161,BAL
Jose Barrero,9.00,  2,161,BAL
Fernando Tatis Jr.,1.31,156,161,SD
Xander Bogaerts,5.53,151,161,SD
Manny Machado,3.33,157,161,SD
Jackson Merrill,3.96,156,161,SD
Miguel Andujar,5.08, 61,161,SD
Gavin Sheets,5.13,105,161,SD
Ramon Laureano,3.94, 48,161,SD
Freddy Fermin,8.43, 72,161,SD
Jake Cronenworth,5.62,103,161,SD
Ty France,5.10,117,161,SD
Luis Campusano,7.16, 62,161,SD
Nick Castellanos,7.00, 31,161,SD
Bryce Johnson,8.25, 12,161,SD
Sung-Mun Song,8.63, 35,161,SD
Rodolfo Duran,8.81, 27,161,SD
Jase Bowen,8.29, 21,161,SD
Samad Taylor,5.68, 40,161,SD
Will Wagner,6.92, 13,161,SD
Nick Solak,7.00,  2,161,SD
Blake Hunt,9.00,  1,161,SD
Austin Hays,5.61, 23,161,SD
Ethan Salas,8.70, 10,161,SD
Trea Turner,1.41,155,161,PHI
Kyle Schwarber,1.56,154,161,PHI
Bryce Harper,2.96,160,161,PHI
Alec Bohm,5.03,150,161,PHI
Bryson Stott,6.12,146,161,PHI
Adolis Garcia,5.45, 64,161,PHI
Brandon Marsh,5.47,137,161,PHI
J.T. Realmuto,7.08,120,161,PHI
Justin Crawford,8.57,122,161,PHI
Edmundo Sosa,6.70, 60,161,PHI
Otto Kemp,8.29,  7,161,PHI
Rafael Marchan,8.67, 24,161,PHI
Dylan Moore,8.00,  2,161,PHI
Felix Reyes,6.18, 11,161,PHI
Garrett Stubbs,8.89, 18,161,PHI
Steward Berroa,9.00,  2,161,PHI
Gabriel Rincones Jr.,7.50, 26,161,PHI
Derek Hill,8.04, 47,161,PHI
Bryan De La Cruz,7.21, 19,161,PHI
Oneil Cruz,2.94, 94,161,PIT
Brandon Lowe,2.53,144,161,PIT
Bryan Reynolds,3.00,156,161,PIT
Marcell Ozuna,5.18, 66,161,PIT
Ryan O'Hearn,4.49,102,161,PIT
Jared Triolo,7.54, 90,161,PIT
Spencer Horwitz,4.46,102,161,PIT
Nick Gonzales,4.55,140,161,PIT
Henry Davis,8.94, 85,161,PIT
Nick Yorke,6.42, 26,161,PIT
Jake Mangum,5.40,105,161,PIT
Konnor Griffin,4.70, 77,161,PIT
Billy Cook,8.79, 14,161,PIT
Endy Rodriguez,6.71, 34,161,PIT
Jhostynxon Garcia,7.31, 13,161,PIT
Esmerlyn Valdez,4.63, 68,161,PIT
Tyler Callihan,7.24, 25,161,PIT
Davis Wendzel,6.00,  1,161,PIT
Rafael Flores Jr.,6.38, 39,161,PIT
Jacob Gonzalez,7.59, 58,161,PIT
Shawn Ross,8.00,  1,161,PIT
Ronny Simon,6.06, 16,161,PIT
Brandon Nimmo,2.94,154,161,TEX
Wyatt Langford,2.58,108,161,TEX
Corey Seager,2.52,100,161,TEX
Jake Burger,5.16,148,161,TEX
Andrew McCutchen,4.44, 16,161,TEX
Josh Jung,3.74,103,161,TEX
Danny Jansen,8.10, 59,161,TEX
Sam Haggerty,7.80, 10,161,TEX
Joc Pederson,2.22,104,161,TEX
Evan Carter,6.33,111,161,TEX
Kyle Higashioka,7.72, 47,161,TEX
Ezequiel Duran,5.06,145,161,TEX
Alejandro Osuna,6.80, 61,161,TEX
Justin Foscue,4.62, 53,161,TEX
Michael Helman,8.44,  9,161,TEX
Nicky Lopez,8.19, 67,161,TEX
Elias Diaz,8.13, 63,161,TEX
Cody Freeman,7.78, 23,161,TEX
Jarred Kelenic,6.71, 21,161,TEX
Cameron Cauley,7.00,  1,161,TEX
Cam Cauley,7.13, 15,161,TEX
Jonah Bride,8.00,  2,161,TEX
Yandy Diaz,1.66,154,161,TB
Ryan Vilade,4.08, 62,161,TB
Jonathan Aranda,2.44,148,161,TB
Junior Caminero,2.94,161,161,TB
Ben Williamson,6.37, 65,161,TB
Jonny DeLuca,5.42, 83,161,TB
Nick Fortes,7.90, 77,161,TB
Cedric Mullins,6.08,123,161,TB
Carson Williams,8.64, 11,161,TB
Jake Fraley,4.42, 26,161,TB
Chandler Simpson,4.29,144,161,TB
Richie Palacios,7.02,102,161,TB
Taylor Walls,8.60,112,161,TB
Victor Mesa Jr.,5.86, 64,161,TB
Oliver Dunn,9.00,  2,161,TB
Kenny Piper,7.50,  2,161,TB
Roman Anthony,1.26, 53,161,BOS
Trevor Story,4.90, 63,161,BOS
Jarren Duran,4.64,138,161,BOS
Willson Contreras,3.66,128,161,BOS
Caleb Durbin,6.34,146,161,BOS
Wilyer Abreu,3.48,156,161,BOS
Isiah Kiner-Falefa,7.88, 48,161,BOS
Ceddanne Rafaela,3.49,132,161,BOS
Masataka Yoshida,3.97, 67,161,BOS
Connor Wong,8.55, 64,161,BOS
Andruw Monasterio,6.79, 77,161,BOS
Mickey Gasper,3.65, 52,161,BOS
Nick Sogard,4.50, 64,161,BOS
Anthony Seigler,4.20, 40,161,BOS
Nate Eaton,6.47, 15,161,BOS
Tsung-Che Cheng,9.00, 13,161,BOS
Romy Gonzalez,5.12, 16,161,BOS
Jahmai Jones,2.97, 39,161,BOS
TJ Friedl,4.44, 66,161,CIN
Matt McLain,6.11,123,161,CIN
Elly De La Cruz,1.92,142,161,CIN
Sal Stewart,3.05,161,161,CIN
Eugenio Suarez,4.95,122,161,CIN
Spencer Steer,5.17, 92,161,CIN
Tyler Stephenson,6.14,115,161,CIN
Noelvi Marte,6.90, 52,161,CIN
Ke'Bryan Hayes,8.89, 72,161,CIN
Will Benson,6.18, 28,161,CIN
Jose Trevino,7.70, 43,161,CIN
Dane Myers,4.17, 65,161,CIN
P.J. Higgins,8.89,  9,161,CIN
JJ Bleday,3.73,127,161,CIN
Blake Dunn,2.76, 33,161,CIN
Edwin Arroyo,8.24, 42,161,CIN
Ivan Johnson,7.50,  4,161,CIN
Hector Rodriguez,6.00, 37,161,CIN
Michael Toglia,5.57,  7,161,CIN
Will Banfield,8.00,  5,161,CIN
Carlos Jorge,3.00, 10,161,CIN
Oswaldo Cabrera,7.80,  5,161,CIN
Jake McCarthy,2.79,138,161,COL
Hunter Goodman,3.32,129,161,COL
Willi Castro,4.46,110,161,COL
Ezequiel Tovar,7.31,133,161,COL
TJ Rumfield,3.88,147,161,COL
Jordan Beck,6.00, 42,161,COL
Brenton Doyle,6.09, 53,161,COL
Edouard Julien,4.99, 67,161,COL
Kyle Karros,6.42,115,161,COL
Troy Johnston,5.91,106,161,COL
Brett Sullivan,8.02, 58,161,COL
Ryan Ritter,8.60,  5,161,COL
Mickey Moniak,3.68,101,161,COL
Tyler Freeman,4.12, 64,161,COL
Sterlin Thompson,7.53, 19,161,COL
Braxton Fulford,7.70, 20,161,COL
Chad Stevens,8.75,  8,161,COL
Cole Carrigg,3.91, 82,161,COL
Zac Veen,7.83, 18,161,COL
Adael Amador,6.33, 21,161,COL
Vimael Machin,7.50,  2,161,COL
Maikel Garcia,1.77, 77,161,KC
Bobby Witt Jr.,2.00,142,161,KC
Salvador Perez,4.34,149,161,KC
Vinnie Pasquantino,3.78,110,161,KC
Starling Marte,5.69, 39,161,KC
Jonathan India,6.43, 14,161,KC
Isaac Collins,7.40,126,161,KC
Carter Jensen,2.83,137,161,KC
Jac Caglianone,4.44,133,161,KC
Kyle Isbel,8.93, 88,161,KC
Nick Loftin,5.85,101,161,KC
Michael Massey,6.56,117,161,KC
Tyler Tolbert,8.24, 37,161,KC
Josh Rojas,7.64, 28,161,KC
Kameron Misner,8.18, 11,161,KC
John Rave,6.85, 39,161,KC
Luke Maile,8.33, 12,161,KC
Andrew Velazquez,9.00,  5,161,KC
Matthew Lugo,7.60,  5,161,KC
Kerry Carpenter,4.52, 64,161,DET
Gleyber Torres,1.77, 92,161,DET
Colt Keith,3.53,104,161,DET
Riley Greene,4.16,138,161,DET
Spencer Torkelson,6.03,146,161,DET
Kevin McGonigle,1.70,154,161,DET
Dillon Dingler,3.65,136,161,DET
Parker Meadows,7.90, 10,161,DET
Javier Baez,8.60, 53,161,DET
Zach McKinstry,7.31,106,161,DET
Matt Vierling,4.82, 65,161,DET
Wenceel Perez,7.07, 42,161,DET
Hao-Yu  Lee,7.84, 31,161,DET
Jace Jung,9.00,  3,161,DET
Gage Workman,6.62,  8,161,DET
James Outman,8.60, 43,161,DET
Trei Cruz,8.50,  2,161,DET
Ben Malgeri,7.11, 28,161,DET
Hao-Yu Lee,4.86, 56,161,DET
Eduardo Valencia,5.21, 28,161,DET
Max Clark,6.96, 49,161,DET
Corey Julks,8.00,  3,161,DET
Brett Callahan,6.11, 19,161,DET
John Peck,8.58, 19,161,DET
Austin Martin,3.16, 76,161,MIN
Byron Buxton,1.48, 92,161,MIN
Luke Keaschall,5.03,146,161,MIN
Ryan Jeffers,3.43, 82,161,MIN
Matt Wallner,6.12, 33,161,MIN
Josh Bell,4.04,146,161,MIN
Victor Caratini,6.28, 93,161,MIN
Royce Lewis,5.89,123,161,MIN
Brooks Lee,5.11,150,161,MIN
Kody Clemens,4.04,136,161,MIN
Trevor Larnach,2.95,104,161,MIN
Tristan Gray,8.31, 52,161,MIN
Ryan Kreidler,8.39, 67,161,MIN
Gabriel Gonzalez,6.50,  2,161,MIN
Alex Jackson,8.83, 18,161,MIN
Orlando Arcia,6.00, 11,161,MIN
Kyler Fedko,8.00,  4,161,MIN
Alan Roden,7.08, 25,161,MIN
Kaelen Culpepper,7.32, 31,161,MIN
Walker Jenkins,7.59, 22,161,MIN
Emmanuel Rodriguez,7.08, 12,161,MIN
Ben Ross,9.00,  5,161,MIN
Aaron Sabato,7.50,  2,161,MIN
Chase Meidroth,4.75,150,161,CWS
Colson Montgomery,4.70,148,161,CWS
Miguel Vargas,2.64,154,161,CWS
Andrew Benintendi,4.22,114,161,CWS
Munetaka Murakami,2.43,121,161,CWS
Edgar Quero,6.70, 50,161,CWS
Luisangel Acuna,8.33, 66,161,CWS
Tristan Peters,7.62,124,161,CWS
Reese McGuire,8.44,  9,161,CWS
Tanner Murray,6.82, 11,161,CWS
Sam Antonacci,2.44,122,161,CWS
Drew Romo,8.81, 54,161,CWS
Randal Grichuk,4.07, 54,161,CWS
Rikuu Nishida,8.80, 10,161,CWS
Braden Montgomery,6.03, 86,161,CWS
Junior Perez,6.56,  9,161,CWS
Kyle Teel,4.69, 32,161,CWS
Trent Grisham,2.13,107,161,NYY
Aaron Judge,2.44, 66,161,NYY
Cody Bellinger,3.35,130,161,NYY
Ben Rice,2.17,148,161,NYY
Giancarlo Stanton,4.52, 23,161,NYY
Jazz Chisholm Jr.,5.74,129,161,NYY
Jose Caballero,7.87,117,161,NYY
Ryan McMahon,7.67, 93,161,NYY
Austin Wells,8.33,108,161,NYY
Paul Goldschmidt,2.56, 81,161,NYY
Amed Rosario,3.90, 59,161,NYY
J.C. Escarra,8.28, 25,161,NYY
Jasson Dominguez,4.32, 53,161,NYY
Max Schuemann,7.09, 22,161,NYY
Spencer Jones,5.76, 75,161,NYY
Anthony Volpe,7.10, 61,161,NYY
Ali Sanchez,8.81, 27,161,NYY
George Lombard Jr.,6.19, 42,161,NYY
